SHA1,MalScore,Creation Time,Last Submission
a4b7542b8089ed7c9dd7dbc9551b5ca90548d05d5d5aba0814bf2e433c4ae1da,49(72),2025-02-20,2025-04-04
31dcc36dc81487ce6153ac4b8649c30c9d14c1c8e3fa47db4f3b744fbc45c2c9,35(72),2098-04-12,2025-08-31
3560660162f2268d52b69382c78192667a7eee5796d77418a8609b2f1709f834,56(72),2024-12-03,2025-08-31
c8265255149e4931a81f9e68428fc172c4f13acaa446cbbddce79a6e4c2f3bea,35(71),2039-04-11,2025-08-27
dcb2d87b51de33f6d5fe53f777ad678c0af88a68,52(71),2024-08-29,2025-08-29
5e6254ebcf8ea518716c6090658b89960f425ab3,57(72),2069-10-05,2025-10-04
488066ea37be17a8103d414c2593c7abb108ae95,47(72),2025-01-30,2025-04-30
4e98b193d5539bf1ded86a6ddea696288f0a1a3e,33(62),,2025-08-31
d840b0b3039be6cce673e6e07da5bd5e76628434,46(72),,2025-01-21
1f74ed6e61880d19e53cde5b0d67a0507bfda0be661860300dcb0f20ea9a45f4,57(72),2069-10-05,2025-10-04
471e1de3e1a7b0506f6492371a687cde4e278ed8,55(72),2024-12-12,2024-12-18
f385da641f2e506766a42dde81bb0fab13f845ee,44(62),2024-12-12,2025-06-27
4bfd21ce348c15aa451afbf8bc6ff9fe0197b380fdb711c5aea34409f3adc866,46(72),,2025-01-21
11b0b620d0f0c4269a191d4ad9fd2042fb5e9d6c,61(72),2020-01-04,2025-08-29
9c07030a49c307c8d9fc83358ad75ff991b2887f,46(72),,2025-01-11
416c0982d323e79759b3366b59de11a6f72e7bf7,30(62),,2024-12-30
23c893905194b20aa4e8aa7af459875741b133a2,19(70),2012-12-13,2025-09-13
991eb12dda65abbbe886e1a8b14449140793a982,39(72),2013-09-05,2025-09-11
57f0839433234285cc9df96198a6ca58248a4707,54(72),1998-01-03,2025-10-07
c2f470479267ce7dcc2171982af2c630b0ef4006,4(59),,2025-08-15
b2ef9df56cb967935f2e794914b1fb61f693c110,47(72),2020-09-16,2025-08-15
c301f74eaa7758734ccc05c5c2832b2398fd9b01,27(72),2009-09-29,2025-09-09
e4c322923e3c6f34e56eb14bb6899e10b554035e,12(71),2019-07-03,2025-08-16
dde971988c7e489d24540fc967cea831e4314624,26(72),2019-07-03,2025-08-15
7f609a3b058f9af7b24bcf843bd3b59059eda134,47(72),2019-12-12,2025-08-15
4f3f4c31e12cc62467866abff28dc222c7826d92,56(72),2021-02-02,2025-08-15
889cfcc0ac2cd5932dc58b7fe500a45c3b5131c9,54(72),2021-02-15,2025-08-15
625f051f74e9f0ac7a152dc9f137173422096ea8,50(72),2011-12-16,2025-08-15
8978e5480bbb1eb3a20770a36bee35471f77f847,50(72),2020-09-18,2025-08-15
11a5ecb685198b23618b03bed61d7e5576172ca3,62(71),2009-03-25,2025-09-09
8b633d0a7fdb0705348b307676a061d4c94d4694,54(71),2018-10-10,2025-08-15
50ad2a3fd02d0199af31f405dc09908dc17b949e,50(72),2019-07-09,2025-10-01
795e1a3d8ad9d54e4c0f4f1dfd19363236d75924,14(69),2011-01-06,2025-08-16
1dfe11c0fc07c53ec59590a6b83595bebd89a321,4(72),2018-10-17,2025-08-15
f145181e095285feeb6897c9a6bd2e5f6585f294,50(72),2014-02-27,2025-10-04
d92b0b627ca2781c43cfcd0967076f6a67ea0c98,43(72),2020-09-16,2025-08-15
bea6af09b27e7d89fd8da7127b986cd83352548b,33(72),2007-05-30,2025-08-15
eb73c324f49edd15ac8621effb1c4537424e12a1,28(72),2009-07-20,2025-08-15
6bf1a880b7e1461aa6330c7423b91a10d4e396de,55(72),2021-02-02,2025-08-15
5e51fc3b75a2389f5f978884957c07199895669f,60(72),2021-02-15,2025-08-23
3e92f697d642d68bb766cc93e3130b36b2da2bab,38(72),2011-09-16,2025-10-08
131786912c94f98fa043b8164371e9977848f0c3,44(72),2010-06-20,2025-08-15
faaba1290028a77c30bef927b9daa68641a3c410,40(71),2023-07-27,2023-08-04
60e6b60d4912c42a0b55ff3561cd7696ad158558,55(70),2018-10-10,2025-08-15
08af85f31499678205bf70280fafc421ea16c9e2,55(72),2014-02-27,2025-08-15
1e1528a559ac42a9ee58a0929dabdf1c91ec3963,61(72),2010-07-12,2025-08-15
fa4f98636ccf7b52c14709269b25239d5b755aae,22(72),2019-07-03,2025-08-16
bf73c78408749172a7e03c9f9054a6b91628c2f2,25(72),2019-07-03,2025-10-01
763695d494ab54d5f1a2504fa645ca7c84b4f31d,48(72),2023-09-22,2024-03-20
7232bd42cd9d0725e7e0220052f4734fec91be7a,48(72),2007-05-30,2025-08-15
49f3418664c271afe93b3eb3f0544ac5b7ef440f,65(72),2009-04-25,2025-09-09
80780c29c33de431c0d6b1827fedd4387dcc619e,55(71),2010-04-14,2025-08-15
26d2342bb7b85053a8d5ecc445b781d89c42e017,42(71),2015-08-26,2025-08-15
