MD5,MalScore,Creation Time,Last Submission
6a135c5c97e7dcb48d1148b9398e40d9,57(72),15/04/2019,22/10/2022
b22e9eda37206fbfb6bf5baee6211320,56(72),15/04/2019,22/10/2022
dc06c7a1df933064c01a22d2b616ad17,50(71),15/04/2019,22/10/2022
23d02fd576bb68e2b24eb496f3d55555,52(72),15/04/2019,22/10/2022
97273d37205c33855e0f0ee802983162,49(67),15/04/2019,22/10/2022
87b21371b50a9f353a6a09338005bad7,59(72),15/04/2019,23/10/2022
3307c9e5f258a68abe7bd3119bbcca24,50(71),15/04/2019,23/10/2022
89bbcafe69180cd519195d24c0aa4641,54(72),15/04/2019,23/10/2022
455f3ff1e0ca5292a48d9a195b00720b,52(72),16/01/2005,17/10/2019
99f29966a06fb18a418b1ec292d1ac04,52(69),15/04/2019,14/07/2022
b78fe29fb35c2414d65469a88d3d2c2f,54(70),15/04/2019,14/07/2022
4a7099295229e73b65c00e5e57690071,59(69),22/02/2015,29/06/2022
f9d1eec58134f013a84c6eed0bad1b3a,50(70),15/04/2019,14/07/2022
4e30c80a2f91b23d0c32fdc706dbab8c,52(70),15/04/2019,13/07/2022
bb6c1c54a6af2874e85a7539f2345fa3,48(68),15/04/2019,13/07/2022
2c15bb6d4b7e20868ba8623ce312b307,50(70),15/04/2019,15/07/2022
add3f94f774bcf873e59bad2e557ac11,49(69),15/04/2019,15/07/2022
efa53c8bd43fb1a4f42b9a913dbca862,36(68),01/08/2020,30/04/2022
8fea5b9992d1791fffbda46c39ce2128,51(70),15/04/2019,15/07/2022
7c3508e53843f3e6f5b344db519c5c77,49(72),13/07/2012,12/09/2024
3c2ce865ab0923d9215cf137306103c0,55(73),16/03/2021,26/07/2022
c54892aaada0a30e36885e8374558a79,57(73),15/03/2021,16/03/2021
ceb7e65fff29c7fd6cadb8cbaea40ddf,58(73),01/11/2040,24/03/2021
8de3d1c181d147c3093ab77c219d7f92,60(72),21/01/2019,29/11/2020
49c984cbf7425e9f60d33aaa980faac2,52(69),15/04/2019,08/02/2023
7c663f464aad4b4d7e8d43a274a907fc,54(71),15/04/2019,10/02/2023
3607a2bfbb7ee560254eb7c0fffe7c0c,54(68),15/04/2019,10/02/2023
b98e17564d27d89808ab6bdc97024037,53(70),15/04/2019,15/02/2023
8c7dfccd1feff647838048a22ae817cd,55(72),23/05/2019,23/05/2019
d59e8beed85ede9dcd9210c1fbdfa269,57(71),15/04/2019,27/10/2022
0ac6db962f4974ee0ef9ccc451afaf18,52(72),15/04/2019,28/10/2022
962b8d6a850271c3d6423acd30744969,51(71),15/04/2019,29/10/2022
7b7abf6314f8ac4cca896096edefc199,51(71),15/04/2019,01/11/2022
eef5974cdf4b5a8e9373face13c1c05d,56(70),15/04/2019,01/11/2022
9aada8ab8b8ccda99ba1cacd20b3fcc2,51(71),15/04/2019,01/11/2022
819252395464c5c58f97111dac1db38b,56(71),15/04/2019,01/11/2022
86c095547b37be41e7bdbc4592aaab91,52(71),15/04/2019,01/11/2022
a2467b0c09293dd7aff5e16aa6b4c6fd,57(71),15/04/2019,01/11/2022
2568f2dceac4277b23d06d1eab90d4c3,51(71),15/04/2019,01/11/2022
df787bc66b8577f6bc2b3358f9c016c0,51(70),15/04/2019,01/11/2022
0a83b2d3f342daa059999d5a74ce75bb,51(71),15/04/2019,01/11/2022
789653f2ffe1546f20a237ad18960082,56(70),15/04/2019,01/11/2022
8cbaabbbe59098248ee4183cb6258573,55(72),15/04/2019,02/11/2022
3ea4665850a7258071d467a7e6fa2b3b,53(72),15/04/2019,01/11/2022
6c9c5ec3b949e2710026c52564a41eb9,58(71),15/04/2019,01/11/2022
5837fc9d741503ff93de4a4e21594659,53(72),15/04/2019,01/11/2022
dd36f234770214dba916f87654368514,52(72),15/04/2019,01/11/2022
c52137f295eadd501b3abf9c217c55a9,55(72),10/07/2017,08/12/2021
6625b66f60f4f6a438445bcef1fc9b96,62(72),29/06/2016,08/12/2021
2436c4c02b0e3acfe79c27724f653e23,45(66),15/04/2019,06/02/2022
4ce93f900d030e184c1af3146b398f85,43(66),15/04/2019,06/02/2022
6bce40c7133fe2b4f93c6fee9cfa9354,48(69),15/04/2019,06/02/2022
ccf648bf23b01a58a41432da30a056f7,43(66),15/04/2019,06/02/2022
019e2bb79cb9c0fcc539cfc4684c6f42,51(70),15/04/2019,06/02/2022
4eb52ef279d0ad4b915fcdc7347caded,50(68),15/04/2019,06/02/2022
dca42c7fb26c7432cf0182c52a55c4c1,38(61),15/04/2019,06/02/2022
653a4d1250974db3b8d2faac88d25767,43(65),15/04/2019,06/02/2022
3ec010bfb48be241562553ecdbe4198d,43(67),15/04/2019,06/02/2022
dfe20d094b226e98b7374ce94ed44dae,42(65),15/04/2019,06/02/2022
1e55cb9de917a52b3e43e8c2af3839f7,51(69),15/04/2019,06/02/2022
1f5f208992c5de346c720be76ce57222,43(67),15/04/2019,06/02/2022
354afaed663b5df3d3823580b50557b8,38(61),15/04/2019,06/02/2022
b3d3169f7778441ecb7ea43ab9f62473,40(65),15/04/2019,06/02/2022
61f530b672e9efbb540cbf55a59ee2c9,43(64),15/04/2019,06/02/2022
446d73cbd40eaeee5b41a386270aea48,41(66),15/04/2019,06/02/2022
6b9ea9e05a6544fe00abdce4c22fb199,42(67),15/04/2019,06/02/2022
9339f995d0f984ff38242426cd7fe5d4,47(67),15/04/2019,06/02/2022
8cb717e8faaafa8bfbc8ec65addfe240,41(64),15/04/2019,06/02/2022
cd668df32ff49ca51b1f61af3df48156,42(67),15/04/2019,06/02/2022
a847f2dab1a2ece65b8044e6f9e7fcd5,44(66),15/04/2019,07/02/2022
12a415b1237f29064b19b32ecaaa3c63,44(69),15/04/2019,07/02/2022
081bf5909bf622c50e075dfc6bf9cab8,41(65),15/04/2019,07/02/2022
aebf9ec16453d511af1b911edccdc167,43(68),15/04/2019,07/02/2022
3ace5f0dde8975b137f42fd93fb5b0ac,49(70),15/04/2019,07/02/2022
10ce02686fd7ef15f1c0688f8dfdee00,44(70),15/04/2019,07/02/2022
18190644b5d6f525f65022519140e577,43(69),15/04/2019,07/02/2022
dd620c99613dd5d6b7417b616bd17ae3,58(72),21/12/2021,21/12/2021
035377add62157051062a40129dcc12b,51(71),15/04/2019,03/10/2022
5b90f4cb1f5a976b49cbf32fb583cc9b,55(70),15/04/2019,03/10/2022
dda4d2c74ce7753f0e59617313dc3732,59(72),15/04/2019,03/10/2022
a17f4fb526f9aaa9f27b122836c56296,55(69),15/04/2019,22/10/2022
d9bee4ac97cbdb004b1e311bc11da71f,53(71),15/04/2019,03/10/2022
641bbc166f24a6a0ec37b642416c550c,53(71),15/04/2019,03/10/2022
d85e88c357fbd07166e132229cef450a,54(71),15/04/2019,03/10/2022
690bbc145999a21d17355a004bea24f3,49(68),01/10/2018,03/10/2018
bfc883f8b68a9ee0dcadb4989b9e6188,55(72),25/08/2021,28/08/2021
59e987fa5433b0711b53678a7b3c5ce6,51(69),06/06/2022,06/06/2022
a5ca6f94e26b9603a9acb664a19ba56d,55(72),02/05/2019,21/11/2022
17dab067e9bf00bd1c1da454e727c90c,48(72),,09/01/2023
53845c1968fb72cf9640f25641d56005,52(70),11/02/2012,25/01/2023
020d67a5d986a18a3ed2b90524bbff17,59(72),13/12/2001,31/12/2019
395205e8254d06bcd3cadc7d649bcd1a,55(70),09/10/2017,27/05/2023
9c2791fbfffe6be2036fb3cae47560ed,51(69),28/02/2018,03/03/2018
4c21a14077d75546e1bcda328fa61b05,50(71),16/02/2021,16/02/2021
e5037de977d031f7eaf808a5434ecac4,46(72),16/04/2010,23/12/2022
146dbda826839c93abbfc16ee88baa20,64(72),22/02/2015,24/09/2022
9950dd036f5c256663ebab5cb2a717ad,48(69),08/06/2019,18/01/2023
c49514eedb6fb5d3f71d68c5bbdb44bd,33(54),03/07/2011,22/12/2022
d5124fecb17d91f193c62e3e83b520ea,45(69),15/04/2019,07/02/2022
a85486d7d59fe8efedeec9f45c002f75,45(69),15/04/2019,08/02/2022
4bf6a17e601ee40b1c4b9071df611e23,50(68),15/04/2019,08/02/2022
30db22b5ba147e64405619294f20b638,50(69),15/04/2019,08/02/2022
9b24ad50c121bc991d064ba77590f374,49(69),15/04/2019,08/02/2022
2a320b46a9dcb25ba10f0b59dc51d5b0,43(69),15/04/2019,09/02/2022
49d5c2b3725cb3a674942e8255ca0a38,44(70),15/04/2019,09/02/2022
b2fbbacf0c8dd517c8d34f3b6d07bebc,43(70),15/04/2019,09/02/2022
fc687a2b9c71dd210af8fa1a5d6ac44b,44(68),15/04/2019,09/02/2022
2afc454d443bb404f77e345106c11bed,42(68),15/04/2019,09/02/2022
a3e4535e27017e631e2b66e900c109b3,45(69),15/04/2019,09/02/2022
a04371dddd31f1aa9d021bc5cad065b4,44(70),15/04/2019,10/02/2022
8772ba1254aaf0d2af7aff9d7db072f9,44(69),15/04/2019,10/02/2022
16db993bef3560f6e532da5060cfe15f,42(69),15/04/2019,10/02/2022
aeccf9a31b2f7768847770832bafb9c2,44(70),15/04/2019,10/02/2022
ee5f4d811eed6cb7f1eb0d1b7a382ee5,56(72),15/04/2019,11/02/2022
d65912bdbb9f532b3aaf8025141c89df,55(71),15/04/2019,11/02/2022
a59340efd6083f77ba4aa1fd6b7b50ba,56(72),15/04/2019,11/02/2022
d630bd18d71e54e80f3db005bf4b4243,43(69),15/04/2019,11/02/2022
9bc7961c58124d4f360a0a752268337a,44(68),15/04/2019,11/02/2022
9c858248f96080f5873bfcd677a0e850,46(69),15/04/2019,11/02/2022
2bd3a081fa910ff90703f809fd3b6806,45(70),15/04/2019,11/02/2022
80ab897e42e683c3796fbc9801c15aec,55(72),15/04/2019,11/02/2022
f6fbfd316daea30f893e0ca5a059ea75,45(69),15/04/2019,11/02/2022
10e9ff9e5fed94219e5ce0d3c25e6092,50(70),15/04/2019,18/02/2022
6fc8045819d801a451e97ab2ca2dc4dc,46(69),15/04/2019,13/02/2022
3e8a46d803e73206ed32c6dd589a1d9a,45(70),15/04/2019,20/02/2022
b2cae6207c74c347eeea9fb9e6788f36,46(70),15/04/2019,20/02/2022
c628ada34ff61b83ce37929c8f1a2e66,44(70),15/04/2019,20/02/2022
20bd00151b630a3b78bb63e8a6877d6e,47(70),15/04/2019,20/02/2022
9fd0304ebc319faf2782702b065ba1d2,45(70),15/04/2019,20/02/2022
050125450f992d778f7e02f9add52718,47(70),15/04/2019,19/02/2022
645cbf397763ab014051a928e81c8f18,44(69),15/04/2019,19/02/2022
2d27b432825ca805f7486658f68da2be,48(70),15/04/2019,19/02/2022
f8a060ae910a261e1981e34df9d5fca4,48(69),15/04/2019,28/04/2022
08bfb1dbb4bdda29c94f2ca98e3de065,50(69),15/04/2019,28/04/2022
c3a757541c2e4b1c8f2c048d4634aad1,49(69),15/04/2019,28/04/2022
4c05ffc0da786dd3a8a2d84d24021cec,48(69),15/04/2019,28/04/2022
28273784ef0b31b87f6a4ea01d95906d,45(68),15/04/2019,28/04/2022
a2e76540cb520c884ee7eb08bdf5c4d3,48(69),15/04/2019,28/04/2022
1e74335cb130eae00aa4b9b1f2330d49,48(69),15/04/2019,28/04/2022
e5ec6e0341e1dc4509662934f1829425,13(55),,28/04/2022
b5bae7e9c5a2fa51db24d44ca3c7c1f2,52(69),15/04/2019,28/04/2022
2459ccc4f877f33f768a4ba9c23399e5,41(67),28/10/2021,28/10/2021
202d694e16613d017752c73b1184fdfb,46(68),15/04/2019,29/04/2022
98b2cacca1ad0f49d5479861468e783e,48(69),15/04/2019,29/04/2022
6764f2328029f8fabcd6b00e54bc343e,47(69),15/04/2019,29/04/2022
dc7bde5e9c8576d010ae67b2ec5bb9a8,34(63),04/06/2010,10/05/2022
0ac40fef60d480adfb5ee08efe975ac0,47(69),15/04/2019,29/04/2022
53e06d6247c1a1a6edffea9660dc871d,47(69),15/04/2019,29/04/2022
b360932f8b5c4ffb0b004f4b08a4fd54,48(69),15/04/2019,29/04/2022
27fc8dc65b49bb0cd4c71145e09b581d,49(68),15/04/2019,29/04/2022
5905023b95743e83c498bd48c638e7f5bc71aca8,50(68),15/04/2019,06/02/2022
c5ae09ad9e6470cf51c1e64784491db2,45(69),15/04/2019,06/04/2022
eb345f66e416bd2789d6f2018bc84d38,48(69),15/04/2019,06/04/2022
65580e890d5dca719edcdf39f6569eaf,46(69),15/04/2019,06/04/2022
cd14ed61834d285373457eccb4069f66,46(68),15/04/2019,06/04/2022
f0e3d61f04a7c676ebbc071ee68463ee,53(69),15/04/2019,06/04/2022
dc9b9bd5b80353a8288ab8126e4d07c0,46(69),15/04/2019,06/04/2022
a670be3557ed635fbd3a54b8fb1a7043,46(68),15/04/2019,06/04/2022
cb4b9ea27e47e1735e1edcd4949f8c0f,46(68),15/04/2019,06/04/2022
0ff14012d3a29843b2523e17e03216c5,49(69),15/04/2019,06/04/2022
6cb6b701531c1b18bfd8d5d9fe561c3d,45(69),15/04/2019,07/04/2022
8b4433fb7c9c9ef14d6993af7a4b1a58,49(69),15/04/2019,07/04/2022
ca57afd5f36d5ea9672e1534349bafd7,49(69),15/04/2019,07/04/2022
2722f8800a9b81d281f72b226d64351c,48(69),15/04/2019,07/04/2022
554a15e03f4a87a1b67b7c059f25641c,49(69),15/04/2019,07/04/2022
6d1aa5a8e0c408f89dda9d204578baba,49(69),15/04/2019,07/04/2022
bc2f28d37bdc933da7fda6d87ad19d34,47(69),15/04/2019,07/04/2022
6817fdbd33d3130ede647ff1d80967f1,50(69),15/04/2019,07/04/2022
b372b45532efa99fd7e8ce06468a6e17,49(69),15/04/2019,07/04/2022
b4335a38421b9c8fae25e29f43aa5083,47(69),15/04/2019,07/04/2022
d72560fa0d3ccda1717e66824b54d9e8,47(69),15/04/2019,07/04/2022
dfa6513c02bd7d2e83aaf0d661eb2e91,47(69),15/04/2019,07/04/2022
71cba03df20e36b38870c6a4fd1e1db3,47(69),15/04/2019,08/04/2022
2dc6d45c2d7c6ddc49c1b79223d38a12,47(69),15/04/2019,07/04/2022
6fde8dad8c0cf78a81d8e08d5e7a0d17,49(69),15/04/2019,07/04/2022
b2462d7a52000796b46980036c4204cb,49(69),15/04/2019,08/04/2022
d9451bfd215d1b7927af0bd3109f458f,48(69),15/04/2019,08/04/2022
74456bca81b64a19146a390e281e7737,45(68),15/04/2019,08/04/2022
cb320c54118b17ba47a9a2228aa10972,48(69),15/04/2019,08/04/2022
0f9e042365b7146a14ed031e8df30923,47(69),15/04/2019,08/04/2022
c8f3d6b872923865d80b96210a72e377,47(68),15/04/2019,08/04/2022
a7375007942c41f6b60f93e190070347,45(68),15/04/2019,08/04/2022
65a6129aa4e62a657e1fa19722437356,49(69),15/04/2019,08/04/2022
71515ba5bf4334ca1aae5e75ccef6056,51(69),15/04/2019,08/04/2022
001c3624fa95bd4787aebe2e3f46d54d,48(69),15/04/2019,08/04/2022
a4d9cbecb814fbbecf98b9bb7f01458c,48(69),15/04/2019,08/04/2022
2cfa3fd1395251265f268bff601b0f84,44(68),15/04/2019,07/04/2022
7cdbd8e7fb0a4f9d187ec12c1a9ac7ee,48(68),15/04/2019,07/04/2022
60ed87f3174d46e87db2cf5b7359ac0f,48(69),15/04/2019,07/04/2022
053ba3ae8e9c819128a87acbb8e2f688,48(69),15/04/2019,07/04/2022
542a7904b909a10ac9883b4f37b57769,48(69),15/04/2019,07/04/2022
466280d333d71cfecf43a37224590a3c,47(69),15/04/2019,07/04/2022
a9df112264f0957f96d3a3a5f0cd1584,46(69),15/04/2019,07/04/2022
008fc5b0ddd153f2891be29f6423a086,50(69),15/04/2019,07/04/2022
8a1939ccbb1607dc3c1c3412785e07cb,49(69),15/04/2019,07/04/2022
a4967a592fab91fa23096aff23b9d7d8,48(69),15/04/2019,07/04/2022
e6b0598d50e5ab0c86f36349bb6efc08,47(69),15/04/2019,07/04/2022
9a551eb04487afd8fe65f13ca3fdcf2f,46(69),15/04/2019,07/04/2022
5a75d943e9e5ee883f9b7b37c9b83407,48(69),15/04/2019,08/04/2022
15e37614bbdc15deb39bea30e5abde7c,48(69),15/04/2019,08/04/2022
c332fef922dcb087cc281ab6070e8776,46(69),15/04/2019,08/04/2022
ed9ced034d07108b00a6a22113b9a7b1,47(69),15/04/2019,08/04/2022
a50ba9f8c74ee322911779599e3d0f90,45(69),15/04/2019,08/04/2022
486015dba86cc1a4fec126179cf5a27a,46(69),15/04/2019,08/04/2022
86a390c767fd4ff9ce5058010b9eafe9,49(69),15/04/2019,08/04/2022
37d1e1da5d23d2d2f01d12ab06f18fad,45(69),15/04/2019,20/03/2022
54f62ca0afe9638ffeec02d0a6c6a190,51(70),15/04/2019,01/04/2022
40cd8556c4e244936f0e3bcd40dadde4,47(70),15/04/2019,27/03/2022
a71d6fe3f915534912d0d4d1f5e6ba93,49(70),15/04/2019,27/03/2022
f43ef636e3373b5f401566251631766d,47(70),15/04/2019,27/03/2022
3253a1f564d1ddcb3b0180de6dd8c88e,46(69),15/04/2019,20/03/2022
8eab9ac1f4bff3f26f13644246aae4d2,45(68),15/04/2019,20/03/2022
afad7ec11a6f6fbb7ff9f377b43c02b3,46(68),15/04/2019,21/03/2022
0875e27df74f7c48e15ea8b141717c34,45(69),15/04/2019,21/03/2022
72e9f2a61cd2bf0bbc7852f64c42bbdd,47(69),15/04/2019,21/03/2022
82537c4c9a355100b17ebdc2f179cbb2,55(72),04/02/2022,14/02/2022
43312cb2f68198064bae98775506f14c,44(67),15/04/2019,27/03/2022
18384b4e7a95c8aea31fc0c35e9043f5,45(69),15/04/2019,21/03/2022
9e9ac8fae7c28e4eb1a64146ffb5d25f,46(68),15/04/2019,20/03/2022
55e3d2578e8e469c83cd82cf9754f80c,45(69),15/04/2019,19/03/2022
adce993662523b73bfb985fc8a655dee,44(68),15/04/2019,20/03/2022
c71f488a58b4c75abe5a3a5c50671156,46(69),15/04/2019,20/03/2022
6395efa8a95cd03b2ad42e4334967cad,47(70),15/04/2019,27/03/2022
578cbd6a21d143475fb0a0861b8861d3,43(68),15/04/2019,19/03/2022
4fe46afba5d602a7215ece5f38bf52d0,44(68),15/04/2019,19/03/2022
36711f96e462db67fb47c4c0b4978fe3,46(69),15/04/2019,19/03/2022
6732444dac60f31a6db72869dd8d516a,46(69),15/04/2019,19/03/2022
71bfeb170a269015b735df8888001bd5,47(69),15/04/2019,10/04/2022
864e6fd0eb267dc7c6816473c23005b7,46(68),15/04/2019,10/04/2022
5759540512de4b30f2921408f9c29a95,45(69),15/04/2019,10/04/2022
f6b20463b6a74d704c764e6fb163f12b,47(69),15/04/2019,10/04/2022
e0f5960710822556f930d607b1773396,48(69),15/04/2019,10/04/2022
f44aa356f5d5b922e01d24952120c758,46(69),15/04/2019,10/04/2022
37a27dbf13f8ec78bf4d86515ee9fe94,48(69),15/04/2019,10/04/2022
dc1b55a6bdbcb41a0b1a5a7a2197e63a,47(69),15/04/2019,10/04/2022
cb4c1e19bcc858a994463bb86e47ba7c,48(69),15/04/2019,10/04/2022
d282fa61f2a5edd9eeeba92e10c11b8f,46(69),15/04/2019,10/04/2022
607a908d7b4d77184828d193ae7f68ab,48(69),15/04/2019,10/04/2022
f385c08b5a72bbbcd3125e9080e2d11f,47(69),15/04/2019,10/04/2022
384b760e7cb03debba1759e82cd8622a,47(69),15/04/2019,11/04/2022
31f878b72a4ae5744c36f2a7e6972e6d,47(69),15/04/2019,11/04/2022
d9421f617ec13e56b76e8bb1c34de6ad,49(69),15/04/2019,11/04/2022
7055f225fade9901a7d3fbe3e477bca5,44(68),15/04/2019,11/04/2022
bdf9b90208363d76d3ffa7d8708627f7,47(68),15/04/2019,11/04/2022
4cfaa6cea63f90343fc0780e41b88f12,40(61),15/04/2019,11/04/2022
f0ecd6afa2ddd3d3ecabe8ad362eac01,49(69),15/04/2019,11/04/2022
cd7583724f87b66db63afa82a941f7eb,49(69),15/04/2019,11/04/2022
696ac7b522267a75710c1a7669d94ae2,46(68),15/04/2019,11/04/2022
f9930d3ac53041e8cbc518698f6da954,48(69),15/04/2019,11/04/2022
4c9aa0f49332433f5664cb644f394c97,46(69),15/04/2019,10/04/2022
cdd8d5cd241e71063d9a5f81701610a6,48(69),15/04/2019,10/04/2022
0de975b32b8379fc269d631bc2f9fb98,46(68),15/04/2019,10/04/2022
f4bf12cf97eba8349a9703e4a0b47d30,49(69),15/04/2019,10/04/2022
ced63bdf7f588042f607b4786b2decc7,47(69),15/04/2019,10/04/2022
e489511b284ae72733be208ad0f269b0,45(68),15/04/2019,10/04/2022
b81585daf7f87193fcd62845ab831f2b,49(69),15/04/2019,10/04/2022
afd937a8d6220aa18dc1100ece58fb5d,46(69),15/04/2019,11/04/2022
c2f24c766f2c929b8f51358359f53202,46(67),15/04/2019,11/04/2022
4c30e15f4df170695e77f9a04233cf8c,50(69),15/04/2019,11/04/2022
a2fa89337b1bb34722fc904762d9bbb8,49(69),15/04/2019,11/04/2022
6cfe2a83538936141076c7a32b83668b,48(69),15/04/2019,11/04/2022
a1403af4dc37b1f1f3c104890290cd1e,50(69),15/04/2019,11/04/2022
0af80cc85146bff922a8abd6ea25d53f,50(69),15/04/2019,11/04/2022
4682aa87be1f676896e72e7965dd427e,47(69),15/04/2019,11/04/2022
99faf06672951e9202264ff4a6851fe4,48(69),15/04/2019,11/04/2022
3f3af8dced81b1166311a1d95c63fc48,49(69),15/04/2019,11/04/2022
bdd1da54be4ef64cc3c8f9309f4530c0,47(69),15/04/2019,11/04/2022
f9c569755e7038b1dde17f31468811cb,49(69),15/04/2019,11/04/2022
75f6edf6f7a223b94443674a16b9d847,47(69),15/04/2019,11/04/2022
a5eb3c1792a150410e81ddfcda246ceb,48(69),15/04/2019,11/04/2022
87488f9f8d13d21749de47daef1fe338,49(69),15/04/2019,11/04/2022
6503ad48aba492694e428a11e46f506b,45(68),15/04/2019,11/04/2022
714570d21a5f22f58f11a7756156d881,47(69),15/04/2019,10/04/2022
3ba62507162c3a7c3dd6d89e0a3532b1,45(69),15/04/2019,10/04/2022
0cac8b9c26d63a4d9d8fdf8282909928,46(69),15/04/2019,10/04/2022
faa62f31240a9ff37d87345700245447,49(69),15/04/2019,10/04/2022
f05822e21513921026311ec791b41026,48(69),15/04/2019,10/04/2022
2702daaf9b090bb9b93688cc337fbeca,48(69),15/04/2019,10/04/2022
c4fafaf15bbb936db00b0dc2c60a4187,48(67),15/04/2019,10/04/2022
ff4cfbecf801d6e7cae3ac29994c1793,47(69),15/04/2019,10/04/2022
7160425060954d21bafe54c123a329b9,44(67),15/04/2019,10/04/2022
500ea66d4bb67b6013964f76dd3367c7,47(69),15/04/2019,10/04/2022
6598da24101e701fca54d215ad29294e,53(70),15/04/2019,10/04/2022
94a92eab5cb83103bbfd42b6313cd7b6,48(69),15/04/2019,10/04/2022
1052381b63e911810869aa6dc268619a,49(69),15/04/2019,10/04/2022
a03056f8baaf700b9c38516f8221f53e,46(69),15/04/2019,10/04/2022
4a7da6002bf0d5b4a6f83e3602eff4c6,47(69),15/04/2019,11/04/2022
61944879daac051c2fb3bceccff96c63,49(69),15/04/2019,11/04/2022
13b050f959ff9355823c91c6fa6dfd8c,49(69),15/04/2019,11/04/2022
cef708189052cf9063ed46fcd58b468f,47(69),15/04/2019,10/04/2022
f3f4cea09b7edb71812e025357109d6e,47(69),15/04/2019,11/04/2022
3204869a0c75f59a70ead6fe6d358052,48(68),15/04/2019,11/04/2022
9499143f6348bda931607a1a6b8878a1,47(69),15/04/2019,11/04/2022
2eef7ddaa37cea74cc0bb12065eb1734,55(71),15/04/2019,16/05/2022
122d930f86a124777bdc1d88f7c8e72b,51(68),15/04/2019,17/05/2022
c0e905681df664a0424d777d734df462,48(67),15/04/2019,17/05/2022
195b1e5edb88ecebef0bf10bb2330c94,54(71),29/03/2014,23/03/2022
8c0b709607201990b73925998dec571a,38(72),24/11/2022,28/11/2022
b763e8ec664271b409bf74c856137f75,63(72),05/08/2021,26/10/2023
283577808207c31484c8e9891cb2e6ff,60(72),21/10/2022,22/10/2022
9a6d516e546c1caab7d04c5f4a07c676,54(72),04/08/2019,19/09/2019
b023dc22d85d2771035e8708da21abd5,52(72),21/11/2022,21/11/2022
d779c3c4eb5b73a8c57c917ff9e162f8,48(69),27/11/2014,28/11/2014
48839d09cacde18bd87962c511e02900,44(65),15/04/2019,16/05/2022
aa087e79203a2e1b50261738119a0c4f,32(62),22/09/2021,20/05/2022
e52e0fc9c47639278a597dd8aee7f3c2,47(69),15/04/2019,26/05/2022
af0c87a252e3afcccb61caf2da839035,48(68),15/04/2019,26/05/2022
c1e802f8f1b31f56eaec2d49033a5b9b,55(72),15/04/2019,26/05/2022
160a83d93af9d69414e5acb8a5bd071c,55(69),15/04/2019,26/05/2022
481509d77f6a33a4d6b033d75bee9b9c,50(69),15/04/2019,26/05/2022
82819b03540186f2e59046eced5d16be,49(69),15/04/2019,26/05/2022
de17c0cc0a50265933a02fd5e77c9eb5,56(72),15/04/2019,20/05/2022
f5a0dae3c8abab8af974217abc664b68,48(68),15/04/2019,20/05/2022
172fe70f4ffc8df9add653e5dff9127a,48(71),01/11/1987,05/05/2019
6398a00c9f4171aa93617538a28299b6,55(69),15/04/2019,20/04/2022
805d4cbc0a165d41120fc1602091ecec,48(66),29/03/2014,23/03/2022
c75dcb62b00d13e36de6b7b56916215b,60(72),25/09/2021,21/04/2022
3b0e2c6ff85018d1fdf91ef7d58750c9,48(68),15/04/2019,21/04/2022
5be87540c2d53cd6053d400bbd879aea,45(65),15/04/2019,21/04/2022
65ea4c9832eb978acfdf440510968c3e,48(68),15/04/2019,21/04/2022
90098164602e408f1103cd722ace66de,54(72),30/12/2020,02/06/2022
d52194909fbf749640537396f092b89b,52(68),15/04/2019,21/04/2022
36fcaa972de3348335b267b5936a0e6c,49(69),15/04/2019,20/04/2022
a30f593c216c12d0b181c0a77aff2ddc,50(69),15/04/2019,20/04/2022
41e8ec0ff1028062976411e5fa696c48,53(69),15/04/2019,20/04/2022
3c09c96c2f75a52575bbaeaffdfb3313,49(68),15/04/2019,20/04/2022
d591d3add96afe9d4eac1ac8d39b916c,49(69),15/04/2019,20/04/2022
c4898eac857664a286781d4464b7e114,61(73),02/01/2021,12/07/2023
7b68721a062886ad22a1577ec543ff6d,39(59),,01/06/2022
2a1cb938876d6da8fc0cf43d478b288a,25(61),,01/01/2021
e8771f6cee75535c6643d03a43e9d0c6,50(69),15/04/2019,20/04/2022
b72066801c34ceea776d2aadf6eaff2c,51(69),15/04/2019,20/04/2022
d1e00f753297d5856ffb70959d2b1b49,54(70),13/12/2001,18/01/2023
18cd96c07ff82aa2d322d0e66426734b,62(72),04/07/2015,24/12/2022
eb4afbaae8badb76949faf98d1eff288,54(72),28/10/2022,31/10/2022
0f686d075d8345ceb5ee2a1840718ccb,57(71),30/10/2022,31/10/2022
a8091311a02372f7ac00c25e20c548e1,54(73),20/04/2019,20/04/2019
1680650c74c76d94304d6510fc097fae,49(67),,06/12/2022
3365f544a173f06ebd45daad2ef77c6a,50(71),28/05/2086,23/12/2022
bfcfc766b299f47c4f22258f2d0f90a8,47(69),15/04/2019,16/05/2022
08b677c289dbde31d8a53fd1677b29ff,48(69),15/04/2019,16/05/2022
349ae85bcd5611611ab194ddf1b35fa7,48(69),15/04/2019,15/05/2022
8dcef657300224354e6f9ed5e130a388,38(69),10/05/2022,15/05/2022
d5a7fa97fb2196813bfb936dd39a60a3,44(58),15/04/2019,18/11/2022
75b9fd023fd50ff19055e9459ed020ab,56(72),24/11/2022,27/11/2022
8401ba91f980e3d984ce9c82c62d3590,57(72),25/04/2053,07/11/2022
b6512e0954139b2cba72fffef2d0d11c,57(72),30/08/2022,16/02/2023
882fe75754b22c2189b8eb71e134e511,50(72),27/12/2015,08/12/2022
450d8c68e01b7c086e5d195a594a5ad4,57(70),31/07/2017,04/12/2022
709437b7c439fddf7766df3cc30c064c,60(72),31/10/2016,03/12/2022
9701946cbb2fed00bd604ae9f442d4735cefda05,45(68),15/04/2019,10/04/2022
cff93e20d05a6099d153e929f4ea063c,43(68),28/10/2019,28/10/2019
b77ff86a8ae8dde9138ddc5f991b67e3,57(72),30/11/2022,30/11/2022
446ba9eab0de2b880b8cc1c2b0fa06c7,36(61),,05/12/2022
1a453019d6a9a1f65bb1fdff40521d90,41(62),,05/12/2022
22679ce86f6b197acbdbe006620b9312,50(68),15/04/2019,04/11/2022
1fac87fcb30f1751733d7585f7997cb2,66(71),22/02/2015,21/09/2022
73c52f9ffb2fef5d49cd5597270f0fd5,34(61),,08/11/2022
4ac354c46339a12bedbb996271ab9de4,48(69),15/04/2019,09/11/2022
cfb1fc179832f0d838a4e284ab37ed20,56(70),15/04/2019,09/11/2022
36d900ed8759255b93a60872a411a483,51(72),30/04/2019,03/05/2019
8033ea1e304b5edd14937be22512dbe6,49(71),15/04/2019,08/11/2022
c7b47148074921d927bd12daf6def37f,60(71),06/06/2016,08/11/2022
9d7c4904e254972ceefde9304f52cfe6,37(61),,09/11/2022
24e6e51b9294cd7be86267c730bf92f1,49(70),15/04/2019,09/11/2022
8f9a392db33e3dc4d0303b9f2362ef0a,57(71),15/04/2019,09/11/2022
695d48df6f53e240fb001f4754231131357d0c6b,49(69),15/04/2019,11/04/2022
b52432adfde478c19b5c5ee02c46fda1,50(72),06/05/2019,10/12/2022
f823b0b6265043db27639cddde7644f1,47(70),15/04/2019,19/02/2022
d40488d7323d0460a79e9e1aef504384,47(70),15/04/2019,21/02/2022
9cd085ae80f02e97f4828f53140c6066,47(70),15/04/2019,21/02/2022
3e043e4b6b25dd1619babd12764f337b,45(70),15/04/2019,21/02/2022
516696d885cc75caeb59e6554581faa5,49(70),15/04/2019,21/02/2022
bed967164d856ba40a0a4eb95cf68516,47(66),14/09/2015,20/09/2015
96ff22547f8408f134f0ddf3cf880efc,58(73),01/01/2002,14/11/2021
190df5a6be7176c84c97719c23042002,56(70),29/03/2014,23/03/2022
539885618259167bc6a7ac7feb3d1d80,51(68),29/03/2014,23/03/2022
ab30834640bfdd1c5a36a13bb251991e,32(67),29/03/2014,08/10/2021
55c73b0a38eb77e51c28d8ec00079864,35(68),18/07/2009,26/11/2021
ffdc8446d2c921b95d5ed58cf47f9bbd,53(72),15/04/2019,28/10/2022
ec07f303e26b3306c672b9a2f47c5ba4,54(72),15/04/2019,28/10/2022
eab183eca47a9e512af5b9e8c4e93600,52(72),15/04/2019,28/10/2022
c07c43c81f6959e04ae32000bf72ca7e,57(71),15/04/2019,28/10/2022
f633983014619a1ad53c2b12ed83da1e,56(70),15/04/2019,28/10/2022
2884820c51627c1d4ddefd8335a8f40f,55(72),15/04/2019,29/10/2022
b3bf3e41619ce0ad0f49f95932797968,55(70),15/04/2019,28/10/2022
c6b6c2057371421e70c37aadbd2180d6,37(63),26/10/2022,29/10/2022
a40cc88c60266c3a965db56bad78b689,37(60),,27/02/2020
d639b1e060d688d339b090e860cdf8fb3884dd20,47(69),15/04/2019,11/04/2022
ea21d0381857558e1212ce1927b7f4ec,6(60),,13/05/2020
1ca44f1c2251288555f63dbb994eda0e,32(60),,27/01/2021
ef0c28b3299915b2107d281efa38e2bfa781f4f7,48(67),15/04/2019,17/05/2022
53eafc07cecfab3375458aea10070a66,56(72),12/07/2019,22/09/2020
ab0a8f449425335016181d1916126074,56(73),21/10/2019,15/11/2024
93faffe59ed399fd217b2fea8805d8ff,60(73),11/02/2020,11/02/2020
711bf8ab2e44efa64bbb5ede2df6cd3b,54(72),13/02/2020,13/02/2020
e860aedcb7f77700aeb2389d2989c1c8,56(67),07/03/1992,20/02/2020
cd9c7e19515a41111f02fb793cbc94f3,57(72),21/09/2019,25/09/2020
8800a662c59499d790694ed246d7ca95,28(45),,09/03/2020
4108c7ff14c0a31858cdbe3074d28e20,52(71),24/02/2020,24/02/2020
d8576d306d7894167bca6e4fbeeef5d9,49(72),28/10/2019,30/03/2020
b404cc8b7d3d37084f3c888bf00a556f,50(68),20/03/2020,20/03/2020
f23cb3f2b1756f5f9770df69d98dcd16,34(58),,20/03/2020
b06ec48e107e191bddef356894d1e7a4,47(68),24/03/2020,24/03/2020
e6fb34f2dc8880f119153fa24a7be89f,65(72),22/02/2015,06/04/2020
5b8e3cac3d6d7592059df88ed97dc409,47(69),15/04/2019,07/04/2022
1e72eac649778acd62e4d4ab215620ea,49(69),15/04/2019,07/04/2022
02c8f0de935fa79130ad3a3116210eb0cbb4cdf5,56(72),15/04/2019,20/05/2022
aae24f032f55801b42875a028c894a72,47(69),15/04/2019,07/04/2022
b14f468af389aa03b9b481f6f84771bb,47(69),15/04/2019,07/04/2022
120a2fa880648d57e6e2a7dee5564b1c,48(69),15/04/2019,07/04/2022
fdcbbdc01fc7022f358d3a7a38d735a7,47(69),15/04/2019,07/04/2022
21a8f5d4dacd9206c650173782744a4a,47(69),15/04/2019,07/04/2022
8d6630c9e337d0d5124ac9cd6bc4ad37,47(69),15/04/2019,07/04/2022
d6265d1f80baf3f866dd203b17a0a833,48(69),15/04/2019,07/04/2022
70e4c0da334fa962a4da06f474bba408,45(69),15/04/2019,07/04/2022
c1ed58fb3b3a9f309de692e399ae24d5,49(69),15/04/2019,07/04/2022
0cc47da2685482e15880b2ca50c3fbfc,51(68),15/04/2019,07/04/2022
17321b8d308c1900b10919d750b33536,50(69),15/04/2019,07/04/2022
6d9170f1af0c232db122fa262ea6a38b,52(69),15/04/2019,07/04/2022
793e20fd42e22f2f25e34eb9966599d3,48(69),15/04/2019,07/04/2022
86a1387f3fb6ae0118fb74cc9ccf69bd,48(69),15/04/2019,07/04/2022
6ca7fc0140a21bc611566b3770bcbe28,47(69),15/04/2019,07/04/2022
9ab7838ffd985aff1a9d29f3b09aecda,47(69),15/04/2019,07/04/2022
7786083c6e8a8e60beb23c17318a1855,47(69),15/04/2019,07/04/2022
710192ade88e9df06ebdc6fd44703a0e,46(69),15/04/2019,07/04/2022
61acb4de95a30d069a64371b053eab69,45(69),15/04/2019,07/04/2022
0a565f634c9f460eba38c3f3541bfdaf,46(68),15/04/2019,08/04/2022
7d931115b2db21a0f2bfa6548b38c5eb,47(68),15/04/2019,08/04/2022
79e9afa5b04f7c46e6b64c4e6b35dee6,50(68),15/04/2019,08/04/2022
0f0ab718da93ae96dde2714e8ceb4d6e,49(69),15/04/2019,08/04/2022
f6387c10fd4f22f56d193ad99332ce1d,49(69),15/04/2019,08/04/2022
b456c07bbb621e58ddf2de96bd77d05c,48(69),15/04/2019,08/04/2022
ecd392d5bb6ed0fbda486ed9cbfa84d2,47(69),15/04/2019,08/04/2022
34f7cfbadb8018bad66387f332e3c822,48(69),15/04/2019,08/04/2022
6417445e871ee8ea37dab998940b25ee,46(68),15/04/2019,08/04/2022
d39e2084a88dfcc642f0898a5afacab7,49(69),15/04/2019,08/04/2022
94d5511c5fe523da6c897a9ca3f285d8,48(69),15/04/2019,08/04/2022
136e35aa88d1c4e980bd7b25554b0bbb,47(69),15/04/2019,08/04/2022
5e5b46cfd00b7967c0879673604b9676,47(69),15/04/2019,08/04/2022
180e8ceb180a7ab881a073f1fb60e7a3,47(69),15/04/2019,08/04/2022
622020d2c6c6c5d98af103e43140b7f9,46(69),15/04/2019,08/04/2022
252e722ac43977e40ffea6d9ec9b33b6,45(68),15/04/2019,08/04/2022
329d4a847546a4ce73f39a8d6e76333e,46(68),15/04/2019,08/04/2022
5b8f40832d89c350f8d9420c8f7269c5,46(69),15/04/2019,08/04/2022
a350b9f467995b6e1de2ac6f3c1fb5e0,48(69),15/04/2019,08/04/2022
58726ef2c38b603e201531da8193e2b1,46(68),15/04/2019,08/04/2022
689db4ed060e7f1ad1b02337a692545d,45(68),15/04/2019,09/04/2022
491879cdd153c1e1c0fdf31ff0115788,46(69),15/04/2019,09/04/2022
60fcefb3b9cb9f2b33d9cf953f75290a,47(69),15/04/2019,09/04/2022
190c583445216c23795b5dc05125401a,47(69),15/04/2019,09/04/2022
04a2cfd202aa48c7c0eac42e71310f29,48(69),15/04/2019,09/04/2022
2ffb35b97134585360f45e444ba43358,47(69),15/04/2019,09/04/2022
da23a1cce52cab6ca4c12f9b27353926,49(69),15/04/2019,09/04/2022
f676e0d9991c3a01b402221025252837,46(68),15/04/2019,09/04/2022
5a8d8a2dad89620233fada1bb7062df6,47(69),15/04/2019,10/04/2022
988b1165bd8ecd0efcc9a323c201a226,48(69),15/04/2019,10/04/2022
59aa940a10f8db56b4648321777c4271,47(69),15/04/2019,10/04/2022
2f8c2e04fc30bf2bcf0c31a67172cf92,46(69),15/04/2019,08/04/2022
b935ddf033d3d1e4dea72d7ec4161c98,46(69),15/04/2019,08/04/2022
bccfcea16e0ba5cd1996a1525dc477a0,46(69),15/04/2019,08/04/2022
285ee046c343cb23a2a22f9273569be7,46(69),15/04/2019,08/04/2022
b760887e0a47570d97ffd99efe773684,42(64),15/04/2019,08/04/2022
120804dbe1652f092883b02af6da03fe,45(69),15/04/2019,09/04/2022
0c7c0be339a0ea64f5108571542d5aea,48(69),15/04/2019,09/04/2022
cb962982644d85ea6427a1b73f4a6e94,45(64),15/04/2019,09/04/2022
d04dde58a7095efccb5b793a7a3f8479,47(69),15/04/2019,09/04/2022
dec9e81a30070c13cd64a2aa080f2e36,53(72),29/03/2014,23/03/2022
946cfce6c22d02a731b9f946285e2be5,48(69),15/04/2019,09/04/2022
421d73e1983733b646bce83ab74cd7f6,48(69),15/04/2019,09/04/2022
76d3596b29de781539e6a4916ebd37a9,48(69),15/04/2019,09/04/2022
ff708308e500c6a2b3649c809016fe77,48(69),15/04/2019,09/04/2022
9ed4b48dd383bc9dec58509f36ba44fa,48(69),15/04/2019,09/04/2022
2886b0eab3c79d85f62f4c433c92bed4,49(69),15/04/2019,09/04/2022
c1a213771fe587881dfefeabca2378a7,46(69),15/04/2019,09/04/2022
1f07aac15f3fa1646adf03eeaf8269be,46(69),15/04/2019,09/04/2022
9e51fb62d794c93e30ac5cd523591966,49(69),15/04/2019,09/04/2022
362bc23724c37fe18cb38e85135f2328,46(69),15/04/2019,09/04/2022
a3a1408cdd35aa6d27cd311bc40699a6,46(68),15/04/2019,09/04/2022
e2fa1deacd4a919a79b810c2e9cea451,47(68),15/04/2019,09/04/2022
57e83a24193cb533accaeea3d5478c47,26(47),15/04/2019,09/04/2022
9ac8c569d50e3208aec42731a967dc5c,48(69),15/04/2019,09/04/2022
febe431890af1caa8e0a058215e6b259,48(69),15/04/2019,09/04/2022
ddb4c751b10b6b0838d078084ac5018d,45(68),15/04/2019,09/04/2022
50cf7c85aeb547adcd4bc63767c51746,48(69),15/04/2019,09/04/2022
911795ea5440293a4b0401c7afa35238,49(68),15/04/2019,09/04/2022
3805fc673962affb3b77a1d0c8002132,49(68),15/04/2019,09/04/2022
377ef7e7017b9f805d1eaaac46f04959,51(70),15/04/2019,09/04/2022
471e914072d2cd36b6187279fadd2194,47(69),15/04/2019,09/04/2022
ab87bc08a1cec0fa0ced42952c384e66,47(69),15/04/2019,09/04/2022
c54139bbb495e53feac05df7cc301d8a,50(69),15/04/2019,09/04/2022
811a2d103c14142242f5e8d540416abb,48(69),15/04/2019,09/04/2022
c98aef5fe73fb70e45223687664a5153,47(69),15/04/2019,09/04/2022
66faf93909eb87d21ba3978f4a58368f,48(69),15/04/2019,09/04/2022
95d73117d4e8cf73e9e609ecb41804e3,48(69),15/04/2019,09/04/2022
6f5ba14b07b2af09d816723ae30843aa,48(69),15/04/2019,09/04/2022
f0ffd7229a705e224c8155f39af09910,48(69),15/04/2019,09/04/2022
bb2f8cbe6dc58d8f3c778f07532fd287,48(69),15/04/2019,09/04/2022
e076c7730800b82fbce78c832777231c,45(69),15/04/2019,09/04/2022
e568221a50d435b3aa781202f8e51786,47(69),15/04/2019,09/04/2022
4567df6260e26123bb366ae0c644b905,47(69),15/04/2019,09/04/2022
842f326c6fb83488a4008b0559fdd5d2,50(69),15/04/2019,09/04/2022
875e77f6b38ad2cf4bbfecd4980385b9,49(69),15/04/2019,09/04/2022
0a21f2474cc197edde0c7e1e128903e6,48(69),15/04/2019,09/04/2022
2d9fee9ab056f9b0718d6b0bdc3d3928,46(68),15/04/2019,09/04/2022
bbca7c8fcf872c0171f19ee70c52fa6b,46(69),15/04/2019,09/04/2022
b2c76fa28d9a9e91545acbd97066cb5e,45(68),15/04/2019,09/04/2022
bd40ffd63a9ee883ae8faf10c1f4033a,49(69),15/04/2019,09/04/2022
ad84496878f570747b2363c602dc74c8,46(68),15/04/2019,09/04/2022
d3cffb638eeb3f7ed98927477ebded68,49(69),15/04/2019,09/04/2022
6f2aecf84838a7d14837f3bf8c472228,49(69),15/04/2019,09/04/2022
9715196c5f12ad3c5a1a05041a491b54,47(69),15/04/2019,09/04/2022
c65c5dbbfe2aa49341da32385394e52b,47(69),15/04/2019,10/04/2022
dd289f83705371a7a24350bc51a4d805,47(69),15/04/2019,09/04/2022
002f9237951d237d150eb5f7fbb3a31e,48(69),15/04/2019,09/04/2022
acf6deff135655f2e078e42be32e2a4f,49(69),15/04/2019,09/04/2022
494592019b497b44630aa7398330609a,48(69),15/04/2019,09/04/2022
6502d15a91fd4d0e15584fe160f049ae,37(63),15/04/2019,09/04/2022
eb7da3a7e1a4e3faaf7e8d4394ca6ca2,46(69),15/04/2019,08/04/2022
9adaa3893594b511ab88f83c1f2be599,48(69),15/04/2019,08/04/2022
80e29d1add499ec4309c8412104bc04f,47(69),15/04/2019,08/04/2022
6c0087eb150db24b14f088e149a5ef8a,48(69),15/04/2019,08/04/2022
c20a961f4ef971b712d60329b3b4284f,47(69),15/04/2019,08/04/2022
7240c20f77fe62c7d35a67ad2a0c9569,47(69),15/04/2019,08/04/2022
02731cfab8d2a488ce824aa58dbc8ea7,45(69),15/04/2019,08/04/2022
1dd72039ab54af48073aa18980fa4d90,48(69),15/04/2019,08/04/2022
04ba05ae5a639c7039093f9d63985b8a,49(69),15/04/2019,08/04/2022
dfcc1aaeb7b879131e1a1b12ac70766d,46(69),15/04/2019,09/04/2022
2e0add069c37b2623f5f8527c873f807,49(69),15/04/2019,09/04/2022
120805cda964b06f4c46fc9172c1515c,48(69),15/04/2019,09/04/2022
dfd5c9398dd5eb2b1319e2c276ba55b1,48(69),15/04/2019,09/04/2022
5503dde809a16bcbd74fb66701501553,47(69),15/04/2019,09/04/2022
61e823e10e3f3d335551eb544cc1bfa1,48(69),15/04/2019,09/04/2022
70a9cc8a07fd40179b5f5a25ff80a9c3,47(69),15/04/2019,09/04/2022
69b2ae77e4491a022386cafca6f9c257,47(69),15/04/2019,09/04/2022
ffe3e0c54df404aa4c94b6b1edb0ac4a,48(69),15/04/2019,09/04/2022
57321db16395fe31ca3d0ee4192c6177,47(69),15/04/2019,09/04/2022
5338eb8a58523127c4b1fed245945c3c,48(69),15/04/2019,09/04/2022
2cfe771116660c13a980ef2c1c3704f8,48(69),15/04/2019,09/04/2022
9dc87ab15c6de7b3c148b79155cba344,47(69),15/04/2019,09/04/2022
7a75b4b7584eed78a26515e47d4ca49d,45(68),15/04/2019,09/04/2022
017dda08bec790db85904ee726c2c2cc,48(69),15/04/2019,09/04/2022
751da6ced15d8ec24954b9d278bb493c,46(69),15/04/2019,09/04/2022
e1116ac3c78f18115c0fb91034078875,46(69),15/04/2019,09/04/2022
a5206e9c602f9cf4e702a9bd88073ef5,48(69),15/04/2019,09/04/2022
46f7ef92cdb05a2ed2654ae37a627b0b,48(69),15/04/2019,09/04/2022
b772553906dc3345ce0f07bfb99b3735,47(69),15/04/2019,09/04/2022
efdccfa4cf952d307018e88a25abf6ea,48(68),15/04/2019,09/04/2022
f8ee84588e417114d839cdf6d7641472,46(69),15/04/2019,10/04/2022
16cc669aa623f1f79e1f5b8cbaec91e8,47(69),15/04/2019,10/04/2022
59237ea1503848d0c92d97c50367c21e,48(69),15/04/2019,10/04/2022
5de46e5c0765835e246547ef63e5f5b3,45(68),15/04/2019,10/04/2022
08d6a3f1d1567e2ccdbc9b089ee8942c,46(67),15/04/2019,10/04/2022
52e02616ff5d64c7e2a2c89072e3162a,48(69),15/04/2019,10/04/2022
0b9139d5e99f18ca24edb96b92b0aa23,48(69),15/04/2019,10/04/2022
1361e52990fd3d510eb8c3dadefe4980,47(69),15/04/2019,10/04/2022
2b669da2628d4989999ce4e12a37d60b,47(68),15/04/2019,10/04/2022
b852930bf4f4a6eb9bf3b74701bb1e62,49(69),15/04/2019,10/04/2022
23896e6fa74e1c41024e3b637260a04a,7(72),27/02/2021,13/02/2024
5aa22ddda8be6fe29e3ff893d282e171,48(67),15/04/2019,20/05/2022
8d061db4f08a81f27f2a7c4bea7ee2d1,57(72),14/01/2018,17/01/2018
2c90181bbdd04eb77c6b5505d7b88fc8,48(68),15/04/2019,21/05/2022
a4990823efa5c383c03792624ef24e25,48(68),15/04/2019,21/05/2022
732e356bc19834e48973903329e0450b,49(68),15/04/2019,21/05/2022
6ea6d2b6d7d464a53f6e3648a87f9665,49(69),15/04/2019,20/05/2022
6014b66580832090402be22fc23e4223,49(68),15/04/2019,20/05/2022
399ca722380989a864cf1c3fa953f6fe,48(68),15/04/2019,20/05/2022
fe0b06e67075a3fa86d1749a6219bf17,47(68),15/04/2019,20/05/2022
d0615dc4d26ab3d64f27475d1bc1affe,50(68),15/04/2019,21/05/2022
0e0677d61f47db316f64402be5ae34f4,48(68),15/04/2019,21/05/2022
aa576ef457f77adaa10af3c632ff597f,49(68),15/04/2019,21/05/2022
020ff28ad640055e1f10b87b976f5a71,49(68),15/04/2019,20/05/2022
e01d52e3a266e07ab4578c57004077d4,49(68),15/04/2019,20/05/2022
feee181e8badf2148ddebdf26a66f9ee,56(72),15/04/2019,21/05/2022
81012aaa1d47229810819d17e5a39bcf,47(67),15/04/2019,22/05/2022
06a74b5a45f2d188b51aeb86bbb48ae6,50(68),15/04/2019,22/05/2022
39a2260385e7e1bad6b89360822401e9,49(68),15/04/2019,22/05/2022
c531d6e676a297719c75234e36d9696a,44(65),15/04/2019,22/05/2022
e5f35c5856960c7dd9b46bdf45ecf54e,48(68),15/04/2019,22/05/2022
9fc7a222120c72a57f8848f29cd413d6,48(68),15/04/2019,22/05/2022
ba4568371719ffd01f0c43075851f7a6,48(68),15/04/2019,22/05/2022
97a6c665f57c2438295aa9912f1860c0,55(71),15/04/2019,22/05/2022
f53a5e6216abd6b5e59d64cb1e9b0d47,47(68),15/04/2019,22/05/2022
6867159731d455502e8be5a15875fe89,49(68),15/04/2019,22/05/2022
1e4972fe21bdd1b35bf7e26979fb407e,48(68),15/04/2019,22/05/2022
c89186e04582b03510718f4052d7e2c2,52(68),15/04/2019,22/05/2022
f4ea48560303883eec026b078946313c,56(72),15/04/2019,23/05/2022
7ac8d6fa06a74a181ec7bbcb6d85c0ae,47(68),15/04/2019,23/05/2022
5032e169882a879a137f4d1d59ece2e8,49(67),15/04/2019,23/05/2022
a1918029ed8ea7fdfd862491b5aacad9,53(68),15/04/2019,24/05/2022
1d4147282684029aebc3c1508f6cdb68,48(68),15/04/2019,23/05/2022
81510770690260befdc538347b5e9125,49(68),15/04/2019,23/05/2022
7bc086d69d3ef9befdba5cb730caaedd,56(72),15/04/2019,23/05/2022
f21fbd1e460aa82dc152c28a23381500,39(64),,01/06/2022
2d347011399d13ff47ad6ddeb3217a25,46(67),15/04/2019,23/05/2022
6b53d4a2ecbf85390c1b522b4baa4a18,48(69),15/04/2019,23/05/2022
4121c75b245641ea0535943d9aaf9b45,45(65),15/04/2019,23/05/2022
021e4e6c1fae930a9c5062791308868d,48(68),15/04/2019,23/05/2022
27c006ed58e6483b93fec397b47a5825,48(68),15/04/2019,23/05/2022
8db45e9402f3880f314745f57b0611af,48(69),15/04/2019,23/05/2022
9f517de79fb9fb0ce8df3ea799cfe957,46(68),15/04/2019,23/05/2022
cd9394b58ca1272d3c4b58d3d70f8d0d,46(68),15/04/2019,06/04/2022
788f26059d6bd4953266080837c1a074,48(69),15/04/2019,06/04/2022
556b733326778313d7870457673a85b0,62(73),15/12/2015,08/04/2022
6b9611b11427d2c376afee5d2572f744,44(68),15/04/2019,06/04/2022
965168c9014aeffe0ed329de669dcb52,48(69),15/04/2019,06/04/2022
98ddd189fcfc356915ce1770c4c48b83,49(69),15/04/2019,05/04/2022
154b2efebf5aa38196e485ec0427e686,47(70),15/04/2019,05/04/2022
986b533901b9ffb57b1467bfcdec65bb,48(69),15/04/2019,07/05/2022
9f78124750880dd699f604ab0b35e903,48(69),15/04/2019,07/05/2022
f6cb3c44843274be6a8f633b89a67fbc,2(55),,04/03/2022
39ef173d7203b98533a27b56ac75f550,46(70),15/04/2019,18/02/2022
f3cd29e80345f2fbeb205481e407fc85,47(70),15/04/2019,21/02/2022
055d53ec24a0d8d225e8ab464976df0d,45(70),15/04/2019,21/02/2022
91cbaa896ba16720229564db37e6dbdd,45(70),15/04/2019,21/02/2022
c9bbabb6ea3e0eb4da0883538aaba8db,46(70),15/04/2019,18/02/2022
21eaa26a84eff298dcf5febb8292211c,47(69),15/04/2019,25/05/2022
d9f219c2b71650da78df314f2bd061c8,48(68),15/04/2019,25/05/2022
d556339b7550cd88805c840478eaff09,48(68),15/04/2019,25/05/2022
c71d725fb0942a561592e38987d12124,47(69),15/04/2019,25/05/2022
8820bc311281343f751afb9f5e21de53,48(68),15/04/2019,25/05/2022
222fb4b4fd07e2317875705fa9a244f4,67(74),19/06/1992,05/12/2021
0912a11562b3943e7328cece01fb3dd1,50(69),10/07/2017,09/12/2021
a500af1edf91e1da1a9cff4a6772a916,48(67),19/06/1992,09/12/2021
55035289dbdfc7659a85b8240e7a2183,47(70),15/04/2019,20/02/2022
13df7797b857d6377357769bed1dffd4,46(70),15/04/2019,20/02/2022
274448b4bb26350be398ada87139ac2b,44(70),15/04/2019,20/02/2022
76c63bb984c113afc0046dc3e10b1d58,48(70),15/04/2019,20/02/2022
0b6391aaf0594b12223dd5431a6c44bc,46(70),15/04/2019,20/02/2022
8fd3792ad1682bbb9538a934f8636451,46(70),15/04/2019,20/02/2022
e4b3206f2a420a9452f9d4dd304a1351,47(70),15/04/2019,20/02/2022
6ad0253eae17b9905887963e397c5b2b,47(70),15/04/2019,21/02/2022
0bc24148a0ce42b09ac0cb82c163fa20,45(72),13/04/2020,13/04/2020
1817ab6c466214fc7629dc3145a89152,20(70),18/04/2020,19/04/2020
34e61469ef9654e3ea1e5fc918711403,44(59),,27/01/2021
159a9e283d795db9afdc91eade81976e,48(69),29/04/2020,04/05/2020
540dc61cda0e7e523b9fead719b3a906,59(73),27/06/2071,23/07/2023
0287ac4cbddac1cef9b8e0fe80664e67,43(61),,03/01/2023
07a8df3151f1e3341422aa7bb23c10b5,57(72),26/05/2020,07/10/2021
ceff526eddcb17b8a126149ad1e33235,47(73),04/10/2019,04/02/2020
c9688049153282aa7cb58296f86b21c1,63(73),19/06/1992,31/07/2023
593a31d28da5b25a2bc519001df14bec,62(73),19/06/1992,06/06/2021
efece55da130431ea7b1c94befa05906,34(73),10/07/2020,12/07/2020
e3dc3f56be402642445afa3297637893,44(71),19/06/1992,18/07/2020
f322948147e5f21d79405b76e089d8f8,50(65),,01/06/2021
685936f639eba6031234a46290345f52,52(71),22/07/2020,27/01/2021
d06e7e0e0b7f17bb6dba7bc47e85599c,51(70),12/02/2020,17/09/2020
240a2485eb42c933647b63ea41659f5a,59(73),17/09/2020,18/09/2020
63600e70aca89249e6b605c06241d446,56(71),15/10/2020,02/11/2020
ebbec646604d8110bc431766d7018f52,50(70),12/10/2020,13/10/2020
c2d5d965e4b163a43831974b96aa8b69,59(69),22/02/2015,10/10/2020
d32acba23526d5c591027df645884b39,59(72),29/10/2020,28/12/2020
772adc82901f5af3d9656d64715d73df,52(72),06/12/2020,06/12/2020
c3336e5ce8b1595da8d139b5ed854bb3,56(72),05/11/2020,05/11/2020
ac2c7afe5edb28a73541f1eb92a6b820,57(73),08/12/2020,08/12/2020
b07903e4e994359a8258a128aba40898,64(71),22/02/2015,11/02/2021
4d1f8e83fba66ba85c5d049b613c2b1e,60(73),14/02/2021,15/02/2021
5988999af4912870e06341315bbc90c3,54(70),09/12/2020,17/02/2021
cf01364121b25d342e3eb1d59908eb4d,44(60),,24/02/2021
4fc2de8622733d4709ad7ba4055ad174,26(57),,12/11/2021
fc57f298e10adcf52da5459bef2f6009,37(59),,29/10/2021
401ac50c50d4697744dad2bde5d65dcf,16(59),,03/11/2021
d2ca8971452c7bba57fb0eb1f4b0c54b,43(69),19/08/2021,01/11/2021
9d8d3c0c52903c52c6c7a06eed6671ac,60(73),04/11/2021,05/11/2021
8d4950d671dde79be11d7410ef849372,37(63),26/03/2020,04/11/2021
5ba0e2faff48b23e6374c152d8c54b91,60(73),04/11/2021,04/11/2021
02ce207aeb61c6871428efd8a263cee3,59(72),08/05/2050,12/11/2021
03cf246c5edfdf36083fc7a98957a3d8,54(71),06/08/2015,12/09/2023
bab1c6643190bd44b8bb715facea4ce9,50(66),22/02/2015,14/11/2021
a40da95ef3b4ac51b8afa84bb45d617f,50(73),06/08/2015,14/11/2021
34624f737472480bfb0ea2e17acca045,55(65),22/02/2015,18/09/2017
6973d74a75aba279e118f682ce7239db,60(68),22/02/2015,18/03/2019
a6414857627421b44e4806c4e945b811,54(63),22/02/2015,10/08/2017
85c08b57b68f6083e567fbaf029c90c6,68(74),22/02/2015,01/10/2018
4df3b6c9e7767fb682d0da4a66c6d36c,57(68),22/02/2015,18/09/2018
3d069294842c0f6de3725de857e8fb3b,58(73),07/01/2020,07/01/2020
4df12c4e7933dcad5d6ed2ab7afd207f,53(72),19/08/2017,18/05/2018
22f5ead3c2e4c97776b3592e120f8bf5,62(73),16/07/2069,17/06/2024
3e808a330b50160f55a9740550098330,60(72),18/02/2021,26/02/2021
544ac2233aa08373e02a681c914354c0,57(72),19/11/2021,09/08/2023
ca81a475dc12a428b0763692aeb128a0,56(73),19/11/2021,19/11/2021
7670e435bedcf272a032812ca32002f3,51(68),13/06/2018,16/06/2018
13de3f733efe891f0fbdc58c707a26e5,52(70),21/05/2018,23/05/2018
f963676762fba51887959689eaddd63a,58(73),24/12/2002,26/04/2021
29a54a42c7906d5afd308bfafadbbe68,54(67),22/02/2015,03/06/2018
b54178c9794e7ba0a56be88d35c620e4,59(71),25/11/2021,16/11/2024
879eeac6ba0d666bbcf07847bf47e6a0,19(57),,26/11/2021
5e0adc56fe5910e941946b9712eea00b,58(73),01/10/2021,09/10/2021
4a1783b36a8c70f18241694b09c44c87,44(69),04/10/2021,09/10/2021
1cbbc4de48c38098230e852cd1082e47,51(67),22/02/2015,27/11/2021
4594aa858cd82111c49d8ec3527faecc,58(73),20/12/2018,13/11/2021
c9f0856e244e5c9ce70b43a05671c30a,47(66),22/02/2015,28/11/2021
5a835b0f637c740510cbf6fd390c876a,55(72),17/11/2021,29/11/2021
d7d8675932f2a2ea0dfee9ac39bb9e78,60(74),01/07/2021,25/11/2021
b6c57891ccc54773e7a6533fc03f2d27,56(73),29/03/2014,23/03/2022
b5bebbb32e53e14770804a7a5fdfd9b1,56(73),23/06/2021,26/11/2021
ffd256ff0d8012ab56cc80a7f42d5691,60(71),12/02/2039,06/12/2021
ee8c648be700ed51a0cc5623492b059d,33(56),06/12/2021,06/12/2021
26b958867264ef867ddc22f20ccea8fa,34(61),06/12/2021,06/12/2021
55da4511520d698357218c8a5463e027,55(73),20/03/2020,22/03/2020
d409c7647d4cb00370a6ffd9dc1ccd19,29(61),,10/12/2021
a7454a1ae3627932ad2914e55442a970,59(71),06/04/2020,19/06/2025
c016e85442cfe608e2d0f2ca847f26d0,36(63),,15/12/2021
d6404efaf6502f35cf97df12d605fb3c,61(72),15/12/2021,15/12/2021
233eb43cc0b457ff86bd6ae7a572d7f5,56(72),24/11/2021,10/12/2021
97ce5ee18b439ead4d85c36da5bc7d5d,53(72),23/07/2015,24/07/2015
4ed2f3297e3a91f3c194c9425766f5a7f85433bb,2(55),,04/03/2022
76e099b5fdc0470c36e9de9a3ad2a34d,62(69),22/02/2015,11/12/2021
8b8454c72a1cdcb7b049df156be131ac,64(73),03/05/2020,19/06/2024
bff0280b287854dbc2837b5d6a215d7d,45(69),15/04/2019,24/12/2021
465a43220e9502f1782a55ccd775434d,49(73),11/11/2020,25/11/2024
ddefb41684da20ba5c25a47ae0299a64,64(73),15/06/2013,16/08/2024
370a8650c51bb0f4d6b822a97178ceab,43(67),15/04/2019,26/12/2021
a972bf29f9a6da6ff4dcd84e458cb1fb,58(73),02/06/2019,13/11/2020
16a80c8b5f055009de293a16d280954e,44(69),15/04/2019,27/12/2021
2cd884445095244854b1daaff484eeb2,43(68),15/04/2019,29/12/2021
b66b7f0f34f9869ddc2d6abdac1fdbb4,43(69),15/04/2019,29/12/2021
999de7594f6d2b63084f66c923c2c7d0,42(68),15/04/2019,29/12/2021
93c5480f712cec5968f0ee707eeb5924,44(69),15/04/2019,29/12/2021
a3a258ef054605ef428c1594fe0c4d29,43(69),15/04/2019,03/01/2022
db1d2b6cab89d536e923eb04fe13be02,59(72),25/10/2048,17/11/2020
61777bed21f28405a0264540066aa530d962d040,46(70),15/04/2019,20/02/2022
ca0faa32c3c612d89ae312a882485605,23(71),25/06/2020,15/11/2020
a776541db9fae18c0bfaf77efde74707,45(67),15/04/2019,04/01/2022
f9190d0aab5c8a0b667dc7f18cca3eef,58(73),09/11/2020,16/11/2024
466374834392ddb16028e2e90a695e22,57(73),19/11/2020,20/11/2020
0611d972a5c09962410417d3cb39bb6d,44(69),15/04/2019,05/01/2022
0b9305e1c4f3371530edb86155ccab77,45(69),15/04/2019,07/01/2022
c74a5c5e8f0942e6c7bcac23cf6bcc68,45(69),15/04/2019,07/01/2022
a05f4f28ad979b933f42d99133f953a8,43(67),15/04/2019,07/01/2022
6fba697135b6595dc06a2af36e3cd87b,43(69),15/04/2019,09/01/2022
fa13222ab95ba8c6b5bb63e4f51a32a3,44(68),15/04/2019,08/01/2022
afaa8b4cc611dc3b0bb3ff3bb893c472,41(69),15/04/2019,08/01/2022
da975383ca3a159a9477cefe2132a091,44(69),15/04/2019,08/01/2022
44ac00872eef9d691232bf072b41d04c,40(64),15/04/2019,09/01/2022
bd064c10a7c335901a671c28dedbb88d,46(69),15/04/2019,09/01/2022
e43a9bd3a6514c9f211dc41e7e860dd8,46(69),15/04/2019,13/01/2022
9d8926759304ce245b3a1fad8ab30220,44(69),15/04/2019,13/01/2022
057c7e57e2aa1056dc4e71ec26a6e38f,45(69),15/04/2019,13/01/2022
31a2d5f5f9af7b303c1a4cfc78192791,46(68),15/04/2019,14/01/2022
f97b3198adb3f727f8be2d6a536aae91,43(68),15/04/2019,14/01/2022
655fd2d19ae6fbae9cbf6c245caf6ab3,44(69),15/04/2019,14/01/2022
450585efc9827792c49cf4be8a859791,44(68),15/04/2019,14/01/2022
447f0433746fd11e66bdbfed8b3ea47f,44(68),15/04/2019,17/01/2022
781ab2f87f2471692a1e4c34805028b5,43(69),15/04/2019,17/01/2022
3ce98333a5e703a54fb0d5f5f1a29276,43(68),15/04/2019,17/01/2022
41d3c147a47f09521e23d210d98af86e,55(72),17/01/2022,18/01/2022
9a3f98fa9f0979b10d7506122d3a1f04,53(67),22/02/2015,17/01/2022
a7b52fa672020b7dba556527812faaa7,45(69),15/04/2019,17/01/2022
e23a8dbc51e4dd20306d61250b83cb49,44(68),15/04/2019,17/01/2022
4c6b9f0c4ea8a5a4ceeb7f3632798c46,49(72),23/11/2020,24/11/2020
35f66eaeab4f14d87982adf17fc698c8,44(67),07/12/2015,20/01/2022
5a767d0ae3bca9676489d2782f8bb963,40(72),06/08/2015,25/11/2019
dc3b250392e25cf227d0651eea6e7782,52(72),27/04/2019,15/11/2023
cf3f152aacb0f49401f72091c696900b,42(66),15/04/2019,21/01/2022
4508d3287276482250832ff98f20193f,45(67),15/04/2019,22/01/2022
5d24a0d6036b47440b3b6d3d262dba47,44(67),15/04/2019,22/01/2022
d95bc23c68dc6acce325a35c59aeb7d0,44(68),15/04/2019,23/01/2022
97763ed3201892974ab777f31a417605,54(70),09/07/2020,09/07/2020
b14ed9c5cd345ffd357285d34f88daeb,44(69),15/04/2019,26/01/2022
7d1a5cd7f7e352000fa593a0d78c75f0,42(65),15/04/2019,26/01/2022
3872716c2ed101d66802316af2c28403,46(66),01/01/2018,17/02/2018
df29e5a7dbbd2d0176c408defff5cb2e,44(69),15/04/2019,27/01/2022
879ac1f806eb56eed3a9cc8ea7525829,40(67),15/04/2019,27/01/2022
72340a9d1932cf4885e44bb8689b7270,41(67),15/04/2019,27/01/2022
07958666f15844f65c4562f6a5d1db09,45(70),15/04/2019,27/01/2022
5f0d26b15ef895779c48db705aa322ed,41(66),15/04/2019,27/01/2022
6473f8e03a91cf99279b4656c4445f26,43(69),15/04/2019,27/01/2022
beabaff57a827097cc4e536bcf747cbe,44(68),15/04/2019,27/01/2022
192c770ce99e03860efe282ec7a80958,40(64),15/04/2019,28/01/2022
a6b520fa4e50d5214bba7fabc6d98f32,42(69),15/04/2019,28/01/2022
33ff255ed8ee7672252b912261d688ea,44(70),15/04/2019,28/01/2022
c5a99a94cbf50370eb17ef5903423449,23(68),06/08/2015,20/08/2019
a63e32fbc08040e0c7f7e0e4508ffce2,43(69),15/04/2019,29/01/2022
506ba6c018b2a01577318b79254ad36b,45(68),15/04/2019,29/01/2022
9fea60aed5468096970b95f94eb59312,44(67),15/04/2019,29/01/2022
04c4b3452f6a2572eb934be20e603611,42(69),15/04/2019,29/01/2022
e622f198710f19244c85b4f1c0373592,41(67),15/04/2019,29/01/2022
2dd2a0d5b8d8006edc58fc9f043a398c,44(67),15/04/2019,29/01/2022
6a9313b8c0e9982228898eae655d0a00,44(69),15/04/2019,29/01/2022
b2a51c7679c69cb4a5adf6044b9da5ac,44(69),15/04/2019,29/01/2022
19581e3d50fbada097175e17b8c5c701,43(66),15/04/2019,30/01/2022
187042e2fd9f166bef58d6d722f3cb25,43(70),15/04/2019,30/01/2022
0ef0ae2191ad67e023da6422c1b89190,42(69),15/04/2019,30/01/2022
bcda5db7e265855a57db0650788b9f2c,42(65),15/04/2019,30/01/2022
db9a3a78a1261cabe59fd414aa9691df,43(69),15/04/2019,30/01/2022
bcadae9b37dd31ead91bc5647244dea3,55(72),02/05/2019,30/10/2022
af94cb71dd99c8a65c80a0b3800a5a0b,52(71),15/04/2019,31/10/2022
50d49b1b98cb042635061002720cc35c,56(72),15/04/2019,31/10/2022
afb48e2b758d2e573876e6fddc06f66a,51(72),13/06/2016,01/12/2017
1b88870fb671ed22504a7c1c82aa4ccf,52(73),31/10/2014,29/11/2016
5c160e0a9e4c429018ee71d74ec72f55,47(68),15/04/2019,24/05/2022
e4181472a3a47e7223a5de38287daf18,48(68),15/04/2019,24/05/2022
8173408d72da961bd7fdc2197cff2ada,38(63),04/06/2010,30/06/2023
d59baa6637aa4e739a6e35b98d5efc2f,63(72),22/02/2015,25/04/2022
48152f15e87f2b6fb3a80526f1c3a6b2,52(68),15/04/2019,24/05/2022
a6114d5768675a4f999ed926df37ce2b,48(68),15/04/2019,24/05/2022
45d5825300424d952c4abc10155f55d9,56(72),15/04/2019,24/05/2022
7132d03be1c7ef73d6b33eda9fa4872d,51(67),15/04/2019,18/05/2022
e63cc1b7c223aac9be158f83a0472e35,49(69),15/04/2019,18/05/2022
a58ea088de0dd417a70cf30758ad0f07,52(69),15/04/2019,18/05/2022
9bacdce9ef9e4e0890c7206289e7c20e,49(69),15/04/2019,18/05/2022
51326ffab3bd97a99a1ebdb5ebc32547,50(68),15/04/2019,18/05/2022
eccdee3fa8b8ec10572e446d3ceacd8d,49(69),15/04/2019,18/05/2022
4624979e4b3322109ec7ebbc5369344d,56(72),15/04/2019,19/05/2022
e632bdf68c11bc3dfb95b769c2114489,56(72),15/04/2019,19/05/2022
3827a9cf37c573105cd62ab2764d49e0,56(72),15/04/2019,19/05/2022
1a73d92d57f7a99401589b831fb41ed7,56(72),15/04/2019,19/05/2022
80d410294d3d318220db50815eb8c465,56(72),15/04/2019,19/05/2022
f78e49c9e257ae2d4b43d09f8593defa,56(72),15/04/2019,19/05/2022
9f0564c04ec83f6890a82adad82fc440,56(72),15/04/2019,19/05/2022
ac5479a7d692128eb6389306a921e266,56(72),15/04/2019,19/05/2022
38197cdcf4352d955ce7cfbe8235b029,60(72),20/11/2016,11/11/2022
905879263bc242c6ae26c937653459d0,64(72),22/02/2015,08/11/2022
3e7f4969e79bb31c428b9865b11e92f1,32(69),10/10/2008,12/01/2022
c79270ddc126821e3eacd6a36f449efb,62(73),19/06/1992,29/05/2020
070b324baf8972f2868d4abd9ae7508c,44(72),02/04/2020,16/12/2022
257d1c9255c75ede669813d5df71b376,33(60),,07/10/2019
3a95a9f7fc6a5d7f607300281371f9c4,33(60),,02/10/2019
d2eebbdc6a7f180c20a1e041eb2f357c,35(61),,02/10/2019
830e3759d9af1e3c37a8dc54f9415f2e,55(72),29/11/2004,18/10/2019
e27bf73b44494176acae522d31690456,8(56),,21/10/2019
d80e03e6d502e2c0dba72273d8cea3d2,27(70),08/06/2015,21/10/2019
7334297ef4587735f920062afa500837a032ba8d,45(69),15/04/2019,07/01/2022
1c9c2db6ddb99d34728386cf58f399cd,56(72),12/12/2018,22/12/2022
ff7fa86d53d13e2ba96bfd3c333dbb3b,53(71),25/08/2007,18/01/2023
19b683246784adfbe8d7ebfe101f04fa,27(62),,14/12/2022
fd7cb2f4b5167e43ced2128ef322d1a1,53(72),15/04/2019,27/10/2022
d147b81f86a548f69fa9d246ae4160ad,57(71),15/04/2019,27/10/2022
e40ad3aa6318ca9744dadb1b85bdc98c,58(72),15/04/2019,30/09/2022
52e8984337cfc6996c4b47a7d2dbe7fa,52(72),15/04/2019,26/09/2022
bbec81f0e6226d829d308eaa2f307b83,51(72),15/04/2019,25/09/2022
7d0271dcd3fa77abd4e3c455c48877ed,50(72),15/04/2019,25/09/2022
981ebd501a72b02b105a69f79a87ca80,53(72),28/07/2022,13/08/2022
3b62ca8a7dd57160b9b77d9d559bef03,55(71),15/04/2019,26/09/2022
0b3e9e8a83f11bd7e8fae7e1e6842876,56(70),15/04/2019,26/09/2022
ae3e1f8e1e3c63eac842cd0d65a5f22a,52(69),02/05/2019,25/09/2022
f194755607887bb748272f185f9dbc3a,54(71),02/05/2019,01/10/2022
04395095882a86d10652847b0970d0e4,54(71),02/05/2019,01/10/2022
1571e2fc9c822d46b9ce7fc40bc0e315,61(72),06/08/2021,31/08/2023
409d13f0ffce7b6ea700e90c91b6bc25,51(71),15/04/2019,01/10/2022
f2b529cfec67578e7b32ee40e87d23f7,56(70),15/04/2019,01/10/2022
622f46ba1a2ffaec9d11cae3b2058b91,51(70),15/04/2019,01/10/2022
a9acd276afea980317b48a763c988707,56(71),15/04/2019,01/10/2022
d8854e25a092c6dbc2d58b8a6c39d25d,55(69),15/04/2019,01/10/2022
8fbb4433500c197f03af077f7e0abf90,51(71),15/04/2019,01/10/2022
a3047355416f169b56b4f782a62d69fe,50(71),15/04/2019,01/10/2022
f06f612543c3195045c6fb76827d65f5,57(71),15/04/2019,01/10/2022
9df3f16b07ad33e8e935f2ca65b08d94,49(71),15/04/2019,01/10/2022
e449441adc75f4795c71a8b56a61768d,58(72),15/04/2019,01/10/2022
4145d7532763cea5b3398165f883d484,51(71),15/04/2019,01/10/2022
f4f3eea71627394f05cbb665799eaefd,53(71),15/04/2019,01/10/2022
93b9ad15a1a541875c3f1e2c1b58f72f,45(65),15/04/2019,01/10/2022
0fe868b64dc98713c8baf3cf37e8a08d,53(69),15/04/2019,01/10/2022
6bfe153c0408a1e3cdd7c9c808dfcd65,48(71),15/04/2019,01/10/2022
a4be63e1d234dbfcfe5478c0303cef95,55(69),15/04/2019,02/10/2022
fdf400e52882555f90846017a94fe5c8,52(71),15/04/2019,07/01/2023
e861014e3e6fb471cad6f50352ecc136,51(72),16/06/2019,17/06/2019
6dca019553acdd493c8f6e369fa48f2a,48(68),27/04/2019,17/06/2019
b9b01d943ec5f96ed9dfbe5220b09bd6f3c33ccd,40(67),15/04/2019,27/01/2022
5b7c50630473c5f97b4574786a012e6c,45(65),,15/11/2022
1a42ae4c64921eb23c9de108e90a3398,51(72),05/09/2019,06/09/2019
e69ada2d20bf418de57434c091b4fc71,51(71),15/04/2019,09/11/2022
4b4996813dccc2a55fe090a6f0d5f1c8,55(70),15/04/2019,08/11/2022
d4812597aa5933e035922e878c3e44a9,32(62),,22/09/2022
f563085411d3fde1f3ca42997786e861,51(71),15/04/2019,19/09/2022
43c7176fe6214acfc529bac3e4fb01f9,51(68),15/04/2019,19/09/2022
1db24b1576a5ae7ae547532d60392a03,52(71),15/04/2019,19/09/2022
b635c7f5596a9baaf8c14a1fce173089,50(71),15/04/2019,19/09/2022
7346f6553e941c28cf6fc14b4a73a60f,53(71),15/04/2019,19/09/2022
56b0f3da96dc7de6092e3671bb28e934,56(70),15/04/2019,19/09/2022
15ab437688fb2e1e50486e166f1c0ad2,51(71),15/04/2019,19/09/2022
82b4015d569056cce434dd8b46caab46,57(70),15/04/2019,19/09/2022
7dc48b740b50d0bd959827c5a27d87e6,56(70),15/04/2019,19/09/2022
c8b540cf44839936a9f563be15ae36dc,57(70),15/04/2019,19/09/2022
ea1bed02adde091fd6f1ee05632fc437,48(69),15/04/2019,19/09/2022
9e4a66650b28adbeae523d0459010485,40(62),15/04/2019,19/09/2022
31460f535b9ea96b0647ad81b23ff57d,59(71),15/04/2019,19/09/2022
010ca1eba516a5ed2a5766f0fba967be,52(64),,19/09/2022
a1cfc6869e204f8833f0892d0f8718cf,58(71),15/04/2019,20/09/2022
6faa090079cfd2b3f389416f8476d201,50(71),15/04/2019,20/09/2022
59f1f67781ac73b891dbaba272f63273,52(71),15/04/2019,20/09/2022
da6d1cc2c0e1d18ff56f3e3a179a7db4,50(71),15/04/2019,21/09/2022
5a27c79928dc91e0975803997cd20dd0,58(71),15/04/2019,10/07/2023
e014307cdbc9a9ebbb8dce6dc18f2551,58(71),15/04/2019,10/07/2023
dc3f77fb204281cbcf864b29e1d56758,53(70),15/04/2019,10/07/2023
1f104b823c9ac140f99dee39536db4e0,43(71),21/02/2019,15/05/2025
406a5301aaea30faecc1716a11f75f07,55(72),29/03/2014,28/03/2021
35ec35aeac5bfb3785db04b5959caff3,32(66),10/10/2008,18/12/2021
a8321e86aad55d334f2e4788c626edb6,54(72),10/11/2021,16/11/2021
a59ffacff2a2a72f17de3958febe16d4,33(67),10/09/2092,16/11/2021
501dc209bb8c49c47c83d6e7951cae9c,53(72),24/09/2020,10/08/2023
1063ffd628256372c2d66c81613c43bb,56(72),13/12/2021,22/12/2021
294839ac12a5ca9c062a3d7a4c82cef2,56(71),12/11/2020,15/08/2023
4dd1297feef3c53b00e6e92d357408be,62(73),11/11/2020,14/08/2023
247a701a11b3e3e4fadee907f0375447,52(72),18/02/2053,23/12/2021
65b0af1adbfa3e194b073ce3a029d04b,37(69),21/12/2021,23/12/2021
a9baad258e0858c95d736e18a6c97d7e,52(69),15/04/2019,25/12/2021
7b1ca9b3b239b82b8fab243e74133b18,55(73),22/06/2021,24/06/2021
bc57477656c1c090018c83278d067116,45(72),13/11/2020,13/11/2020
41114d07648b380decd2a2fa375873ab,59(71),25/06/2020,24/08/2024
b3b068cb9523e0179e1dba1286abe5da,64(69),22/02/2015,20/08/2024
61dedfab52db9c6c714cc42adb639c55,30(72),19/05/2020,20/05/2020
050ff39acc49d48201c449fd4199a8f6,44(69),15/04/2019,30/12/2021
0cfd94a8cd8c9e7a53dd684a11790f74,43(69),15/04/2019,30/12/2021
313afa93c3b9eda96000957a61de11c8,44(69),15/04/2019,30/12/2021
9f76a9ade6c41dbe8c1a3630c7d65e56,44(68),15/04/2019,29/12/2021
15209e5cdce6ee73b8f09aaa5e52ed6b,59(72),28/12/2021,06/01/2022
7545f06fbd83279e3ea84f799090b0ce,62(71),22/02/2015,18/11/2020
e2c521749d296827623273d0374f8904,55(71),18/11/2020,23/11/2020
fbf8e0e6d9a7cf1cb70a9b44ce2d703f,67(72),22/02/2015,03/11/2020
6fde882348fb168e394d969a0f34db80,45(68),15/04/2019,04/01/2022
3039b1f2b42bbde735e8442fb16f129b,45(67),15/04/2019,04/01/2022
6bd4887def59756036e47ddf5bfe2f98,43(68),15/04/2019,05/01/2022
a8a83087de23b644fd45eebdef4b12c9,43(67),15/04/2019,05/01/2022
3868fc7b3827073f1f953f4da3137b05,44(69),15/04/2019,05/01/2022
cbf6345783bd1d29d8f23c6c2f5453d0,44(68),15/04/2019,05/01/2022
38f0bc2aadce857b161d3e62c536449d,44(67),15/04/2019,05/01/2022
dd69c250ebe939c79de0b94a0ba514e5,44(68),15/04/2019,05/01/2022
dbd63a2fd853171dd5c9770f6d001759,44(68),15/04/2019,05/01/2022
a978160e2ebe8c95fd3c105f5491c192,41(67),15/04/2019,06/01/2022
285361d99f4cab05c41b9b2524018567,43(68),15/04/2019,06/01/2022
5d25125b6cfc07700102f38673cffb5e,44(69),15/04/2019,06/01/2022
b9f5c3aaeea0533e48fa142deeafa933,45(69),15/04/2019,09/01/2022
b974e1c10a1641b05ef76f32c76d628b,43(68),15/04/2019,09/01/2022
90fbe99f8bdbbccc6a4f24fdc1bd6f97,44(69),15/04/2019,09/01/2022
93ae2e36eb0b439b5edfae8b18341edd,38(68),10/01/2022,10/01/2022
6636896e0959bb627a5478ed5e886d6d,57(72),22/05/2019,01/11/2022
1abd72cffe4fafaabdcb85192a23001c,52(71),15/04/2019,25/08/2022
ffd3ceb6971ffb661043d5486315b3d9,52(71),15/04/2019,25/08/2022
9bf9401a37b844c837b6e317d0dce814,52(71),15/04/2019,25/08/2022
b12f655e1df33a542458d45ac1d59088,50(70),15/04/2019,25/08/2022
dfdd3a60e6432d90901a72fc5ed988e4,52(71),15/04/2019,25/08/2022
bce11ca24211683dd317759d1184a954,52(71),15/04/2019,25/08/2022
bbb13d42fc7bd5abf5f635a85b78589b,54(72),19/08/2022,25/08/2022
e1de3bd2cbd9d6ceb29da5e4799b9725,52(70),15/04/2019,25/08/2022
1cdb7a70b2f48bde3d667c8456c21d00,53(71),15/04/2019,25/08/2022
0d20f44238a5e223aeeb9d5925cd6ae1,55(72),09/08/2022,11/09/2022
a9b5fc54982fdff17bb2a6fbf2628b7b,52(71),15/04/2019,25/08/2022
12c52629a130683636ac6daf31d5dd1e,50(71),15/04/2019,25/08/2022
97274a41553c06561f1ec9563ea2dd7a,52(70),15/04/2019,25/08/2022
943e7801eb33899052b3cfa30b044bd6,52(71),15/04/2019,25/08/2022
f25a9e05dd08f3d0efb79ae6d7142994,53(71),15/04/2019,25/08/2022
7741d06be95a02dac33ef3098a5f8677,53(71),15/04/2019,25/08/2022
83efb80ac34daa48767bfbd312a82151,52(71),15/04/2019,25/08/2022
ec530460954a10960eea9c1a81f2dfb4,57(72),28/09/2020,30/09/2020
fcde9babe8aa82bcf363938ce18c5311,59(72),29/06/2022,16/11/2024
5967a5bffdaec3b7fd19d2f9f1164959,38(72),01/12/2020,15/01/2021
92ef16f98200ba098191841750e7fead,61(73),21/06/1999,18/08/2022
6121debb0c7afbb3ee6b40bd8371e4a4,59(71),13/07/2018,03/10/2022
864194982f9e620130be75aaac150921,29(72),19/06/1992,10/10/2022
396b486cda991a6f321b04d34f82a45a,52(73),30/10/2070,07/08/2021
1d00728cbb02b69a8cad3f032be410c8,56(72),25/09/2021,12/10/2022
cd35474097d639c70b73320f11c53de0,54(72),15/04/2019,05/10/2022
40cedd1be92a1d5df61e629ab26e23c7,52(72),15/04/2019,05/10/2022
98a896373060a217681fc08b88846374,50(72),15/04/2019,05/10/2022
98e54b098391141dedcacf671d02fd13,52(72),15/04/2019,06/10/2022
bcaa2284daf0b15b2d36bf6d43e2c3df,51(71),15/04/2019,06/10/2022
b8f443c309aa1e258dec91b5e2eccc2b,50(72),15/04/2019,06/10/2022
9686fb0a4d0617c37f60b73dfb3940c0,57(70),15/04/2019,06/10/2022
0b5ef5299c927043cfd7d60e604472fa,53(71),15/04/2019,06/10/2022
d09f792237f34d11b10f39d7f8bb0af1,51(72),15/04/2019,06/10/2022
63a5ed3a2b7790c6473f4bf59daef7f1,54(72),15/04/2019,12/10/2022
f3975810375055598656a2cedcd7811d,50(71),15/04/2019,12/10/2022
46cb428f8f479dfcc04344fb0db0862b,54(72),15/04/2019,06/10/2022
196864143fddf579488843dbe2caed16,52(71),15/04/2019,06/10/2022
f02eb1a43b5f08a46ebc5bbcea63ecf7,50(72),01/06/2019,12/10/2022
bfb85e93d107d6f73113493b641ecb19,54(69),15/04/2019,06/10/2022
9b4f74544221d0f9a383871e28c62a73,50(65),15/04/2019,06/10/2022
880997d22a2bbbf9771472af605f0946,51(72),15/04/2019,06/10/2022
3abd04cdd8cc9ec7cc89ed38cb3b9edf,52(72),15/04/2019,06/10/2022
efc1b2f8afbbb6300b404d0338e19844,55(72),15/04/2019,07/10/2022
61ebffeff142c7fbd0a43ed3eccc0675,52(72),15/04/2019,06/10/2022
6d3b08c4b0bd59eea1b05ffec9c00c5d,56(70),15/04/2019,06/10/2022
c03d1a6b373899f9df629522134b547c,52(72),15/04/2019,07/10/2022
a1b1c99b14870e0134d822f81187d3ed,51(72),15/04/2019,07/10/2022
ad05330148fa5f0eae10f3af62854e48,54(72),15/04/2019,07/10/2022
6382eb338a89b15bb9e8343b56ea200a,34(65),04/06/2010,14/10/2022
6d00763c7826c03f1a76fcedd8755d0c,55(70),15/04/2019,07/10/2022
2fc05c53231bf5d1eaa8f90f62df6156,57(70),15/04/2019,07/10/2022
1ea83544d2a49559e699ab58751ec5b2,51(71),15/04/2019,07/10/2022
5c4ef438c183274f897ea8aadf9ebf8e,55(72),15/04/2019,13/10/2022
eb7b188d6e6b36c411773c80e36a5c98,51(72),15/04/2019,07/10/2022
c9b6873b36111dc96d838ba8874a7d01,55(71),15/04/2019,07/10/2022
5677386bc478e50b8d9eabb9ff946b99,57(72),15/04/2019,07/10/2022
54668f819e12280f7f30fd0a43cc74a1,51(72),15/04/2019,07/10/2022
a97bddaf40181082d5d9b54f13b34bda,51(72),15/04/2019,07/10/2022
ab0f9784a0137225cf40dac84fa18393,56(70),15/04/2019,14/10/2022
1b3ace222b91548ba12803a33f490dd3,54(72),15/04/2019,07/10/2022
75cad223e3edad9bd0c3f7f9d9f05c05,53(72),15/04/2019,07/10/2022
7831042f9e96fa36ca0adecf981d9f39,54(72),15/04/2019,07/10/2022
c671e507de2ab2a8c71a42c13ff51e2a,56(70),15/04/2019,07/10/2022
e7eb04b382a0eda0487fa34ce8a645ca,53(72),15/04/2019,07/10/2022
2f074f3c2bc0c8ea90185d3950cad836,49(69),15/04/2019,07/10/2022
f311fde5dc8612a321178200ecdeee27,53(72),15/04/2019,08/10/2022
76295eb9873fad9fad02199b1b241e54,57(71),15/04/2019,08/10/2022
e2b9fb8fc6932cb8033a799fdee4fb83,50(72),15/04/2019,08/10/2022
e316e51af2c3272b6ac19bf39dc8844c,52(72),15/04/2019,08/10/2022
8853679afcc757389c0624fcb6749c0e,53(72),15/04/2019,08/10/2022
8d89c875fd4cc285e6dfda8d9169568a,53(72),15/04/2019,08/10/2022
8c6e08ab11e01adc5cd17e23c2fc79bd,53(72),15/04/2019,08/10/2022
dcac165b3cf9963984b51e5fe63f9238,51(72),15/04/2019,08/10/2022
a6235bf8b4ad0ad1e379f3b3f8795be4,57(71),15/04/2019,08/10/2022
d6c5a61138f2110eb8c11e3edb683927,51(72),15/04/2019,08/10/2022
16e43233013779539fd0dddaacd294f8,51(72),15/04/2019,08/10/2022
4baaa746d8bb4cd1f9c75224801fb0d2,52(72),15/04/2019,08/10/2022
8ba35b344145903f2ec8a5a96612e2b7,55(72),02/05/2019,07/10/2022
3453cdfe3ca5e86d60a144f3f445910e,52(70),02/05/2019,07/10/2022
50064e987760a65277c71ffaec4814e6,59(71),02/05/2019,22/10/2022
a606803a758867ead275db24010b7bf1,54(72),02/05/2019,07/10/2022
5ae5ef717ec71570bf112692b4cfa2bc,55(72),02/05/2019,07/10/2022
407b2f3463c178c47efc62ce2e7941dd,56(72),02/05/2019,06/10/2022
be27bbfc0b7d126f3ce2e04704da7322,53(72),15/04/2019,09/10/2022
aeaee6b3fd0c78713b892731185ec313,53(72),15/04/2019,09/10/2022
75cef5b86f63324b04c38d94a42e5ea7,48(68),15/04/2019,09/10/2022
f275a235d865cbf6aa6646f820365965,54(72),15/04/2019,09/10/2022
3d455958265f4ff75038bf83269b2312,52(72),15/04/2019,09/10/2022
6c9dd1a5950e44b9c487d7d554454b13,54(68),15/04/2019,09/10/2022
04d2ec0e634b0d3ec0ec1c1d516ad2c7,52(72),15/04/2019,09/10/2022
c24919480884f692acade0c020c22e9f,56(70),15/04/2019,09/10/2022
eef57c757d72ee8958dda83091f73d67,56(70),15/04/2019,09/10/2022
59aff2eff292209049167992c036e028,52(72),15/04/2019,09/10/2022
c7c9e132e9745c2748caeb5160082eb8,56(70),15/04/2019,09/10/2022
dd1b9fe5eaffc799ff16bb71be0877ea,52(72),15/04/2019,09/10/2022
80ec1322532a23739e06963db29f206f,52(72),15/04/2019,09/10/2022
37448057b11b2c7030fd44c06c8ce63c,55(70),15/04/2019,09/10/2022
8ffae12c0e687502acb0b25b5ab17797,50(72),15/04/2019,09/10/2022
d80936c5e589e68957c31b304e0a125d,50(72),15/04/2019,09/10/2022
08dd338247cbf47d326cb2e0239e1c8c,50(72),15/04/2019,09/10/2022
dc321bb5b694271db4f3a905f6418176,56(70),15/04/2019,09/10/2022
c70503dbe16d5aa42d317d7cd4b2dce4,50(72),15/04/2019,09/10/2022
62ba02f382ffc92038b6acfdfd373f0e,56(70),15/04/2019,09/10/2022
86aedf0e8a2851c4ee95f581c78155ae,54(72),15/04/2019,09/10/2022
9f729935f4c7d0cac8a06037b5317d91,56(70),15/04/2019,09/10/2022
d19df84c0506264e86d884a48dd688ad,51(70),15/04/2019,09/10/2022
845edd722b0fae02ac88ff0061af8134,56(72),15/04/2019,09/10/2022
fc72832f00a19a03dfd2e1deedd601d7,55(70),15/04/2019,09/10/2022
3bbb9b41adddde4b8afa01b37f89acb4,57(70),15/04/2019,09/10/2022
6546f82b3e9d343859f9297b7f753020,56(72),15/04/2019,09/10/2022
e34a42825a41e3c275ca1ec8f8b6face,56(72),15/04/2019,09/10/2022
198aa1d1bad40dc2ce5d7621c5484848,55(70),15/04/2019,09/10/2022
fc1acaef26c574d78d5745ed33133396,53(72),15/04/2019,09/10/2022
9f0f10ff199cb5d939d85d22e1df5601,56(72),15/04/2019,09/10/2022
de234eca4af00ac49442bcac8779a350,52(72),15/04/2019,09/10/2022
74ff120f778812e73a6382f8d7aea721,47(66),15/04/2019,09/10/2022
017fc69e521dc79aacc482d1e6bcade1,53(72),15/04/2019,09/10/2022
4c3fd894f0e8982c34a6dcbe7620ca96,57(70),15/04/2019,09/10/2022
62c09913ceefaaee55224f6bff01b435,54(70),15/04/2019,09/10/2022
6beb58a8f05160afc05e04b8388555f6,51(72),15/04/2019,09/10/2022
9c6131746efe57ccf3e4b5aef8d68989,54(72),15/04/2019,09/10/2022
47338b5680a66d727a38de1e49cb2e2f,51(72),15/04/2019,09/10/2022
4197ce2fab73787c69a583c391715f27,50(71),15/04/2019,09/10/2022
467a64b52245235abf8b53346435391d,53(72),15/04/2019,09/10/2022
72be698068b596fd17a9e29eb3dbbfd8,52(72),15/04/2019,09/10/2022
fe5609aa9737234e52b7e112285db702,49(71),15/04/2019,09/10/2022
e2e01f858d857098371a3e73605b91ec,52(72),15/04/2019,09/10/2022
a3b06b9aff5a013974203b26e8b51c50,56(70),15/04/2019,09/10/2022
495b6d58c4894b010ad6c10b0f734f34,52(72),15/04/2019,09/10/2022
45b21d8e549330e2c33406cf6db11645,51(65),15/04/2019,09/10/2022
793238fd90822ef990fdff702c1de1ba,51(72),15/04/2019,09/10/2022
b9d1aaee1f7cbb2bb11c1b52d177747e,57(71),15/04/2019,09/10/2022
d12b1247f18eba8f080ed32c8e995448,51(72),15/04/2019,09/10/2022
9bbfb563e7f64632384f71ea4b20749c,57(70),15/04/2019,09/10/2022
592ed1c13513d9cd2e765486fc5939de,32(65),04/06/2010,19/10/2022
77135502b21338825a1fa7a9ed2d7297,57(72),09/11/2021,11/11/2021
aa43fef23f724b238e593adaa1c6a5cf,54(72),09/11/2095,11/08/2022
06b67b1bd23ea5e4040ea9442de2e818,60(72),17/09/2022,22/07/2023
b8acd01e82aa51978bd727ea2d0c1e8f,65(72),22/02/2015,08/10/2022
e2c5d122a1938372fb33cd561bde37c3,56(70),15/04/2019,10/10/2022
a669a28e9b207d03491e16bac124ebb0,56(72),15/06/2021,01/11/2022
cab4a53bed69f139386195a1635aa498,53(72),15/04/2019,10/10/2022
eb7b0ecf0a8c6cefb6ecd14fd982951f,57(71),09/09/2022,09/09/2022
a12fbc76d50ed3e25ebb6462c9de7fc5,56(72),26/06/2103,15/09/2022
191667d1e6a1e9aac33b87b95a4a1371,56(70),15/04/2019,11/10/2022
9c4e8afbfc0752582b92e43b03759372,53(72),15/04/2019,11/10/2022
32d28ea226259808b942aa99bdf76bac,53(72),15/04/2019,11/10/2022
aa5987b3c7b35edc2f315bb7e559fc3e,56(70),15/04/2019,11/10/2022
180a2bb97a29253ae9301da2df889c0f,54(72),15/04/2019,11/10/2022
054427cb807eaeaca02b032c9f90ee0c,52(72),15/04/2019,11/10/2022
c591527735c86bbd8b5d3d46f25e44e2,51(67),15/04/2019,11/10/2022
3a7b4903e8fb1c1d15a8abbb4dd04a0a,53(72),15/04/2019,11/10/2022
e5f3b13b0037ad8fb2977de04ef2b993,56(70),15/04/2019,11/10/2022
97c65b82e29ac55322168e6f332b9350,54(72),15/04/2019,11/10/2022
18e95a6d8ed8bbee2b44bad28f09ec2e,54(72),15/04/2019,11/10/2022
24ac4a40166805d8daaee17addf9766c,56(72),15/04/2019,11/10/2022
b123d004a2828db1ea64f55b778c2f2a,58(72),15/04/2019,11/10/2022
840df886e6dd8d4be5b1988745deb3ca,51(72),,11/10/2022
e8b9fbc4e1c1835628e76f1a3551d0e3,54(68),15/04/2019,11/10/2022
2219bcbf6f5b74a3989d7bd785dfeb87,51(71),15/04/2019,11/10/2022
126ff352de83f0d006a7b7ae5369de67,56(70),15/04/2019,12/10/2022
8bc0d3f2d94b51b52bbff3bcee0f5f1c,56(69),15/04/2019,11/10/2022
4e281520d5a0e87b0785cbb0036f827d,56(70),15/04/2019,12/10/2022
6d6f2834fdf55f27c724969e30ea26cc,51(72),15/04/2019,12/10/2022
80086790d033ede7745a7b631a427954,51(70),02/05/2019,12/10/2022
84ca18584f01d49b715a48c365f2e062,49(63),02/05/2019,12/10/2022
ec2949ebf3f7cc59965d892d6281c987,55(72),02/05/2019,12/10/2022
cb215e5349abf16f8ccffd1ab380ac5a,55(68),15/04/2019,12/10/2022
b9a85157d746c16dd28b20495f45c01c,53(72),15/04/2019,12/10/2022
0991b3964ab1874858e72892f3df856b,52(72),15/04/2019,12/10/2022
7c6c53bec9d2dcace0993fea5977f4bf,52(72),15/04/2019,12/10/2022
a0b1e8504fcfc125c7f386d1a32e4d9c,56(69),15/04/2019,12/10/2022
bff4b1d07697a0901a71c801bbc3fa65,51(71),15/04/2019,12/10/2022
e765e20a91f6719f5fb465674048c845,51(71),15/04/2019,12/10/2022
7110e9b0c8f5630255e6f3740407cfa6,58(72),02/05/2019,12/10/2022
e4efb427fbad41defc1cf4dbbb4260e4,56(70),15/04/2019,12/10/2022
026dad449281e74b5f45d417091ba200,52(72),15/04/2019,13/10/2022
b93f3bc1d9a867d7ddd7192c1fa2c661,54(72),15/04/2019,13/10/2022
20aa669e8265a0a1dfac3bea782e2e5c,51(72),15/04/2019,13/10/2022
07ef48cb284200e93778777571fc233e,56(70),15/04/2019,13/10/2022
f86f2df6f305c18babdf6844863cc195,52(72),15/04/2019,14/10/2022
d607ca7e4503bfa9e8755f1e29af4ec2,52(72),15/04/2019,14/10/2022
4dcef4db54d7c13421f07b1d7a0f3218,53(72),15/04/2019,14/10/2022
a2c80a986cbfa96bf444108d232b0daf,56(70),15/04/2019,14/10/2022
14a0f50c4c9c942788b69f259b513a79,51(71),15/04/2019,24/10/2022
3fb8ab21c2ececccbec3b96ff91f1794,56(71),15/04/2019,24/10/2022
62e3b17885b89f26c2049cfc4415b995,56(70),15/04/2019,30/10/2022
62f603a35995a12eb8230ac37e2a5f83,51(71),15/04/2019,24/10/2022
bdcaec96403f85460a7d0824a971ad70,51(71),15/04/2019,24/10/2022
bcae0963ea66d3050026273a82e4507d,56(70),15/04/2019,24/10/2022
1b62137c59277692169a161ac828ee49,58(72),15/04/2019,27/10/2022
f4adc87c1be4261dd3cf6d154a95d383,55(72),15/04/2019,24/10/2022
f2973429f7b47aba1b6258bd3d34755d,55(70),15/04/2019,24/10/2022
85b6330759c60a9a5d7c9c651d81fd46,39(70),14/01/2020,09/12/2022
8f6819860ff094714916ccfc0ca8999c,52(71),27/12/2015,11/11/2022
3cd6ae5262778099e666fb9d80e9b1dc,50(71),02/05/2022,09/05/2022
77108a418cdecc175b386ff5370a1254,55(70),15/04/2019,08/11/2022
0ab17f45c213886012e99170e42582ea,54(67),16/10/2018,31/12/2022
ec76452402ae0b23b5985169854c9ff8,61(70),16/10/2018,31/12/2022
1db7f0a06d1db2b182ae5e8f009a7704,56(70),15/04/2019,20/11/2022
39bc0bb980a693b24961ce89ffb91f19,51(72),15/04/2019,09/11/2022
77d1ce5107bd355c0fd3af04746de9c8,51(70),15/04/2019,02/11/2022
03c3ff463a860b22dd2fbb3831c27321,51(71),15/04/2019,02/11/2022
b4859c7c3b8556a92ee1364a38cb1933,51(71),15/04/2019,02/11/2022
54172207e228c8425a548138efe5c2dd,51(71),15/04/2019,02/11/2022
532888186d450238f7340bb87c8ea977,54(72),02/05/2019,02/11/2022
ad1803dac342d52e3795a86ab44a2584,55(69),15/04/2019,02/11/2022
22fe40cee363efbd113e70051053e72e,53(72),15/04/2019,02/11/2022
f0352e1096f7825a92d7b8b970945ba5,56(71),15/04/2019,16/11/2022
256f889a94f559c07d8b2031486a8c41,56(70),15/04/2019,02/11/2022
96e1b303127a0936674687c12612bd02,56(70),15/04/2019,02/11/2022
a1345621e6817d4f19d1d7d2eec2806f,50(71),15/04/2019,02/11/2022
55e08013968659b13af262c78cd81f87,53(72),15/04/2019,02/11/2022
cca6dddbcb1937c75cf659edaca0e2d9,59(72),15/04/2019,02/11/2022
1a8dbcf9da2e0e93909cb48cd2abd70a,56(70),15/04/2019,02/11/2022
a7d92bac0b2263176fabaf310b1f7968,49(70),15/04/2019,02/11/2022
0813ebc7bfc356016fb35b306bb3ef0f,52(71),15/04/2019,03/11/2022
1cf7496bb939c833c98077768b1005bb,51(71),15/04/2019,03/11/2022
207f6bdc57da275e16a2e48b90f39fe9,44(69),15/04/2019,08/02/2022
ddc297643f1aa31de80c141635305bee9482a122,53(72),15/04/2019,09/10/2022
63329f3619510cfb03f05f41079d63f2,56(70),15/04/2019,27/09/2022
5473db6eb15d3c96a01c55fb022df6eb,51(72),15/04/2019,27/09/2022
ed31e76a78aa76916161e264af50bc64,55(69),15/04/2019,27/09/2022
21ba17bad0213dbe8c05b29dd4a3098d,54(72),15/04/2019,27/09/2022
969a79f12c51c760e0e3375f73509e1a,55(69),15/04/2019,27/09/2022
1e7a613f65220b42983da52e48677834,54(72),15/04/2019,27/09/2022
349a403d22a6e83b1c945f21d95cd780,58(71),15/04/2019,28/09/2022
2513389ccc8c99e9d49833adea7d73c5,49(70),15/04/2019,27/09/2022
bbfae5212d2346fb4366cc7699b5a5c8,43(64),,27/09/2022
c6f4310053f45ccbfccfdb369a71fe7a,55(72),27/04/2019,27/05/2019
0e99104ce2722f03a9f0195f0f446f55,26(60),,28/09/2022
33e9d69740d552bd9eaeced15eb2aa34,56(70),15/04/2019,28/09/2022
ef4c5ded8d8a6d9131e727a43d78bf63,51(72),15/04/2019,28/09/2022
b3eb9671a4d7f613b3a4b7805e7dc5fd,60(71),02/05/2019,03/10/2022
03a0be7d7d9dce02b6c8200167b78fbb,62(71),02/05/2019,17/10/2022
d569d6903814dd2f9cccd2dd6b9e7ee3,55(71),26/06/2019,27/06/2019
428a2c18e58e5077528f011a755b766f,57(71),15/04/2019,02/10/2022
7fc771f59ab9eda2f42082b1abde1038,52(71),15/04/2019,03/10/2022
ffc280d8bedd211607dbe2df99b15390,53(70),15/04/2019,03/10/2022
aad4ebc5e9e568baaed52935125bfcce,57(71),15/04/2019,03/10/2022
1c9dfb7225b5a9dcb703ecb10010c81c,50(70),15/04/2019,03/10/2022
1c795e99b662049ec5956bf879a28618,51(71),15/04/2019,03/10/2022
9b78003b62b8da1686ebe5834513d2b1,51(71),15/04/2019,03/10/2022
a2b264e59d9a5dd6f97ccf10ef691460,56(71),15/04/2019,03/10/2022
b2860627b11eed9df1865bc3c0c9bb77,53(71),15/04/2019,03/10/2022
822ee779e34f6d856e57b741d4a5d325,53(71),15/04/2019,03/10/2022
74997b8a9525424d76d906ab424d0ec9,53(71),15/04/2019,03/10/2022
03ce6b427830fd0978638385226e6bbb,50(71),15/04/2019,03/10/2022
1d39823acaa01832220d586739e5cd94,59(72),07/10/2048,28/11/2022
2d427bcaa497410ee6e2f2945c2c13fa,49(71),15/04/2019,04/10/2022
f70d91932992f372eb289fce55826761,50(71),15/04/2019,04/10/2022
9b826b780721c89ac96551ff5597d59d,51(71),15/04/2019,04/10/2022
08a64fc7299f175bd246b17d01111a39,52(71),15/04/2019,04/10/2022
3c983510cd5adebfa5ed78332096f9c2,56(72),15/04/2019,04/10/2022
c7a8f1bb55e27742a3d96132b263d0f0,58(71),15/04/2019,04/10/2022
54b39d5f49daea0c76aadd1f5fbb6885,56(72),15/04/2019,04/10/2022
dce819905aeaf6cc98562b9a5dc3878f,51(71),15/04/2019,04/10/2022
87e4c53103ceaa82fd32e03509c206b4,59(72),15/04/2019,04/10/2022
368e8cca0f048dc6e1da30aabd60824a,56(70),15/04/2019,04/10/2022
790c3663f646eaed78bae8db0c8bff24,47(68),15/04/2019,04/10/2022
d5d251b162592359e800273ba5557154,55(70),15/04/2019,04/10/2022
1129702efdafcf5f1c1eaa5355d53dae,56(70),15/04/2019,04/10/2022
3482a80061fc23e1dcd509b20986e43a,55(72),15/04/2019,04/10/2022
1a41c6e60647dd2169f007f07082c3bd,54(72),15/04/2019,04/10/2022
5ea82c0de77848df2c57f099ff3e35e9,53(72),02/05/2019,04/10/2022
236a01a0a814071425cdd383ea522058,56(72),02/05/2019,04/10/2022
4b339a8ac30736ccf31ac53a202e904f,56(70),15/04/2019,05/10/2022
d50543e81e1c196316ede862a8d5affc,51(72),15/04/2019,05/10/2022
0e2bfff5405aca7bc6f705813d95d9d1,55(70),15/04/2019,05/10/2022
d640c536a31d51ba288cb9c197337094,52(72),15/04/2019,05/10/2022
6016b87b981587775bb355f055cddbde,51(71),15/04/2019,24/08/2022
52d6eb61f23498ea9ff2c265c7be6905,55(69),15/04/2019,24/08/2022
7bbc31a330fe5673014965512829c8ed,57(71),15/04/2019,24/08/2022
350b0c400362ddc59012aaa95d5a2fb2,51(68),15/04/2019,24/08/2022
e1fb8e3a8d40a219fc5022a1917474af,54(71),15/04/2019,24/08/2022
3bfd70fbe31d5f7edeb60fff42c8a955,53(71),15/04/2019,24/08/2022
8130166c1c9871c88eceec7fef0b5025,58(71),15/04/2019,24/08/2022
c02ec260f0d6e11d5e514e5ccecc1385,57(71),15/04/2019,24/08/2022
060e47eafd848d2566ed3d7e64378eed,52(71),15/04/2019,24/08/2022
f65ad906169f727aee6bff468597424a,54(71),15/04/2019,24/08/2022
1ca5a3a442e99bd53111af8d7d80066a,52(71),15/04/2019,24/08/2022
48e34d620ce8d2243ce9a9c9228c1b69,54(71),15/04/2019,25/08/2022
7bf98b7ae4fa1bdd8cbc76105986164e,53(71),15/04/2019,24/08/2022
a22a49a2ea7874e075fde386c7efe71c,52(71),15/04/2019,24/08/2022
6e920671fcbfa72eaa26fa6d57b10fe5,51(71),15/04/2019,24/08/2022
8833e38e91b34416d866c7cf995a286e,55(69),15/04/2019,24/08/2022
e4a6256f8ab1fc2c79dabdc64e9af70a,51(71),15/04/2019,24/08/2022
e368337e21b22c15e8335bbfe23aebd3,57(71),15/04/2019,24/08/2022
688b79de6a8029e88600aafada90bf07,52(71),15/04/2019,24/08/2022
4194602a23ad96f97c994ddca3008b93,51(71),15/04/2019,24/08/2022
61db12741723946468ea67d002be47d3,51(71),15/04/2019,24/08/2022
b934560883af47edc0ab6f5cb828d6fc,56(70),15/04/2019,24/08/2022
b287e31756931e3ec6ea3457eeeaaaab,52(71),15/04/2019,24/08/2022
0a68870a2ff989f6a646ee95bdba4223,51(70),15/04/2019,24/08/2022
32d37f0ffb365faf51cee396e363e5c3,51(71),15/04/2019,24/08/2022
87ad19d56d53d42081e1db1f2eae2165,56(71),09/01/2064,18/08/2022
c309d48ee1cd85fedac56e9a29bd5695,52(71),15/04/2019,24/08/2022
50efef4a50daf50f71cffe2ca1f5f0c1,51(71),15/04/2019,25/08/2022
a77c503d08a0154b3750848db8b34c43,56(71),15/04/2019,25/08/2022
dd692622c564badf7be3f15d4fefe32e,55(71),15/04/2019,24/08/2022
cb6bca3060c6b99877cff14cedb5297b,56(71),15/04/2019,24/08/2022
11d6aa2af4411ed100e06dd9a2e514c8,54(69),15/04/2019,24/08/2022
5ec65a406b486e90ceb6ccbd116082ab,55(71),15/04/2019,24/08/2022
859fb790b4dd6e8245a5c106b526e228,54(71),15/04/2019,25/08/2022
dc2acba8db8fd9b81e59e3bec2cd2c71,52(71),15/04/2019,25/08/2022
ac9faa9bcae03ecea9ab0287a7af099e,52(71),15/04/2019,25/08/2022
2ff8001456c851813f1b3d31e5eb3440,52(71),15/04/2019,25/08/2022
7365bdb00d96b07400eb1ed45f240b4d,61(72),08/11/2017,30/12/2017
b9d7c4a3266498ec29be0fbf3e5571e8,43(69),01/08/2020,15/10/2022
a917728bc3ee14584e20191c300abc37,20(62),,24/11/2022
473f5c58c3b6816183fdfd3afc5311d5,60(72),24/10/2022,24/10/2022
9fb86f4f1afc7e324d79393a1b32cd45,38(71),12/12/2022,16/12/2022
c8ff22083e2b826e8eb1f8808dbf082f,41(61),,23/04/2023
a91f5eaa61b882cfa0f7102857073111,55(72),20/10/2011,26/12/2022
dd87ff0a47404886a4713e2004157083,57(72),22/05/2019,19/03/2023
19c97103e57b4f49bbc3a628b961cc68,55(72),15/04/2019,10/11/2022
8bd759ababd8fca08631c07b9a9230ee,50(71),23/05/2022,26/05/2022
b863ea7479b0c2df47985f940d8abb8b,51(70),15/04/2019,24/10/2022
8a7ca31753231c2f28b5722ac48bbf95,56(70),15/04/2019,24/10/2022
ff9b349c51558569ed3811192f325f14,56(70),15/04/2019,08/11/2022
0b1faa4148e959fbe5d7cf3f87fe9160,52(70),15/04/2019,08/11/2022
84a4ba2a0b69b54bd39313d105f20e0c,54(72),27/04/2019,24/02/2022
1bc3405ce4dde7d51ce9db07f055958c,37(66),22/09/2021,12/05/2022
236956b7b90dcc49b1973c0dae5a0b9d,48(69),15/04/2019,09/05/2022
20d49968a958c6bcb7e48828dce3be8b,48(69),15/04/2019,09/05/2022
4b6230e0de15050935e1c69dfda6d6c3,53(72),04/08/2004,17/08/2015
69e5aa59bd3470b22375b81f00f4bb93,53(73),26/03/2020,24/05/2021
ca186a9bc7ea68becba425a80313b92e,48(71),05/12/2009,27/05/2023
217465e8eb21f8c220cd289f4dc1f13f,49(69),15/04/2019,10/05/2022
cca3a3b17f60cb4044e792bb4f902b25,57(73),26/01/2018,10/02/2018
25e03d1f6210fa090fffa7066947b9de,57(72),07/11/2017,25/12/2022
65b993afe30b662d80e350a8ecf0c9e8,52(71),15/04/2019,03/11/2022
14d928df1fca01803ada519f6d476f75,54(70),15/04/2019,03/11/2022
dfe561d373ca394e921ec180ffc79ad4,34(61),,16/11/2022
93047b897ade1920b64a796323ffeac3,48(68),15/04/2019,06/11/2022
91419e2c9a4d07747de3f3cc295c51b2,55(72),21/06/2018,21/06/2018
0f59d383c9310199e4eb286feb1ffcbe,51(72),27/05/2019,28/05/2019
26bcf793964fc2fad7d7ff22208050ed,50(69),15/04/2019,20/04/2022
c48f82ef6fe78fcef2da1a772e3b73f5,49(69),15/04/2019,20/04/2022
246261ec03365f960910ac15b53de0df,51(69),15/04/2019,20/04/2022
c59c220f632ec366becef93af4b89e3c,52(69),15/04/2019,20/04/2022
342d7d57b1960294cd9f11851011f018,50(70),15/04/2019,20/04/2022
57727f20a4b13a855a51a3cdf2911451,49(70),15/04/2019,20/04/2022
34b7d4dac8c770bfee16fdb367452e5a,50(70),15/04/2019,20/04/2022
88c23db60a35a4b262469566a076fa1a,52(69),15/04/2019,20/04/2022
c2d412a6f3b2859b78465be58522acb0,13(59),,06/01/2021
c7c6908cb48184a9bd5fd2979c1937f1,52(69),15/04/2019,20/04/2022
786ad91c8a9172cc025abdd9d2a3fa40,57(72),12/11/2020,01/12/2020
d8d46e06649cedacb16bd81bb0366450,58(73),13/07/2009,29/10/2019
54381d3d834c697c8fffd4abbbf6f9c9,35(65),15/01/2022,27/01/2022
fda1315731dcef52cb169babc2c0b518,60(72),10/02/2021,10/02/2021
718451c83ef37e6dfe8d8e1cff01363e,60(68),03/07/2011,15/05/2021
2443204c6b1d43bf7d80d5670677123c,36(59),15/04/2019,27/05/2022
e487bf34728676021380d83bf02c03f9,53(69),15/04/2019,27/05/2022
dd3fabbf558c7fa38bb28f1f182af0c4,50(70),15/04/2019,27/05/2022
e6e2080073bb26bdc5b6194bc0244fc0,48(69),15/04/2019,27/05/2022
ee0596e77df1917cf6aea9ea04f015be,53(68),15/04/2019,27/05/2022
736be26ba3b25b4eb788f90d2c0f700d,50(69),15/04/2019,27/05/2022
0f1ee229e642c2478027586139415e45,48(69),15/04/2019,27/05/2022
fc5cc93798326fd135e39d64b93c2dda,48(69),15/04/2019,27/05/2022
eaad1ab5e7b2c36986a368cf34f83bde,48(69),15/04/2019,27/05/2022
3ac521abe050f84d0d5d1c0c6fc06d56,51(69),15/04/2019,27/05/2022
d641693c0a115065d124c3449ce7155f,49(69),15/04/2019,27/05/2022
4be597bbc7eae68884d21e611dca4748,48(69),15/04/2019,27/05/2022
9bb14e0c013db4271fa28ab8ec8ae9bf,47(69),15/04/2019,27/05/2022
073ea72e994f2873f233f0f601a74204,47(68),15/04/2019,27/05/2022
b0e1f781c11242fbbe36df9e9426e34a,51(69),15/04/2019,27/05/2022
aba1e58dde4142384153e499d83fa713,48(69),15/04/2019,27/05/2022
c3c7b06997584a85055795a9b1721610,49(68),15/04/2019,27/05/2022
03bf4c9d3571007db2895028e9fc5c63,51(69),15/04/2019,27/05/2022
1276250dbf0bf00a3b22da79ea466b7a,53(69),15/04/2019,28/05/2022
1bde6f36a9d872508ad2ff16b30e6b5b,47(69),15/04/2019,28/05/2022
b60259a9f8cb4ed32bc299d022fd8130,49(69),15/04/2019,28/05/2022
ac860a4c6a1ec94664456a77620bb080,53(69),15/04/2019,28/05/2022
896e78bf1a0ad96ea2377f6b798f49da,48(68),15/04/2019,28/05/2022
0dc549da34c1865d8b2b7bedde4725d1,49(69),15/04/2019,28/05/2022
cc376409769f9a958de897429c6362c9,48(69),15/04/2019,28/05/2022
f4e65544454bcc34e61e049bee32ea72,51(68),17/06/2006,14/03/2019
d8324775370902de4087d9b20947573e,49(69),15/04/2019,11/05/2022
be986c01ca5ca5d773349a971af577d2,49(69),15/04/2019,11/05/2022
13a11af44981acc5799d0d7f2f4afd48,51(68),15/04/2019,11/05/2022
4004f60cac9f4dc0ec66693650120ff5,48(69),15/04/2019,11/05/2022
0b49de802d1007bb05c2e04fe4279cf5,54(69),15/04/2019,11/05/2022
6c5ac73727d4f120d5eeb3427ebc6eb4,59(72),02/02/2022,02/02/2022
230e4d2eeb07db5874e52c1247a94865,46(68),15/04/2019,13/05/2022
37125f4f9075ccd5153b4d4cc8bdac4d,47(68),15/04/2019,14/05/2022
2d16ce5ffc63e8883e13dabcb47e95a7,49(69),15/04/2019,14/05/2022
74669af5ad2269067c46b92bdd5a796a,46(68),15/04/2019,14/05/2022
29e19247c028bb943f816709fe78c468,57(73),29/09/2020,30/09/2020
fda8350978e470832a3d25a6778a7213,52(69),15/04/2019,13/05/2022
4fcd4931f5c1900097239820b5b58d33,52(72),12/05/2022,15/05/2022
763b9fdb42420cf9d7ae540bbfe83f90,44(66),15/04/2019,15/05/2022
1be973accea3313b61cfede9cac08e42,50(69),15/04/2019,13/05/2022
808e0e92cde244a6e03564c6adb67c5f,53(72),12/05/2022,13/05/2022
04c14d9731136443b59aef8251e36d5a,49(69),15/04/2019,15/05/2022
32ecc78f0aac0aa69656a362443a6d09,56(69),15/04/2019,15/05/2022
52a8f1c0e4caa242085a872b1d108707,48(69),15/04/2019,14/05/2022
1004ee5e9a36ba60d195c79167511c97,57(69),22/02/2015,16/05/2022
b280933ee6beb52a48662c93f7210698,52(68),15/04/2019,16/05/2022
90426444574a7f15d29687722e7bc44f,46(68),15/04/2019,16/05/2022
e2ff33ce56b49f943a4e122ccfe955d8,60(66),22/02/2015,22/02/2022
158a21c3faf2abca97edc341fa924a00,51(69),22/02/2015,22/03/2022
8ccb4f32e0945ca3d6b08cd98bf2dbb1,53(71),15/04/2019,23/08/2022
041f93d4973a28a612204d7cddf4701a,56(71),15/04/2019,23/08/2022
c9ca901d686327535afb5be7cee6d62b,53(71),15/04/2019,23/08/2022
09e09014f6a523c28b7bc40ff688eea4,52(71),15/04/2019,22/08/2022
f74f25044754695150ea3ab87bb56e42,57(71),15/04/2019,23/08/2022
45be263662436c52257b9b3593fc9d5a,54(71),15/04/2019,24/08/2022
dbe9ca5de22d27791aedebe7f4ba4abc,55(70),15/04/2019,23/08/2022
54aea4b47bab8010320b4f9d3d466984,51(71),15/04/2019,23/08/2022
edbcd4515a34885c075adf348354f182,52(71),15/04/2019,23/08/2022
a0f95b1b57ecbb827703d2bd2255b8d2,52(71),15/04/2019,23/08/2022
a9c322f265718d9accb9b244ce7f617d,39(69),01/08/2020,23/08/2022
bfc23100eb5551d2db56823962dc29a9,51(71),15/04/2019,23/08/2022
0ac15fda917155f4ace4c1198aad9613,51(71),15/04/2019,23/08/2022
ef1fdff3bcc756ab5da7cb2be2cbefd8,52(71),15/04/2019,23/08/2022
cda0051b4a6797a8623c1fe229d20fc6,57(71),15/04/2019,23/08/2022
68c68ced15733f920b069a7c6ab65a5e,54(71),15/04/2019,23/08/2022
21704cb8f42c6ab939de351fafbc0640,55(70),15/04/2019,30/08/2022
1c935f2ccd17a076314dc62e0bc06394,56(71),15/04/2019,23/08/2022
e7a8ec363d9af335778a24dc9b1075d6,56(70),15/04/2019,24/08/2022
05620cdd8da8d9235a4444161aac046a,54(71),15/04/2019,23/08/2022
864a085dcc3cd646e2210d15927532c9,56(70),15/04/2019,23/08/2022
dd1ce6f23f538bc929f51526ff8bb723,53(70),15/04/2019,23/08/2022
6b873d3a66bce86dff6dfa0be15778bd,56(71),15/04/2019,23/08/2022
49bce39e835e412d1652c24e0430ca74,54(71),15/04/2019,23/08/2022
be64ff22f5e064bffac96fbbbba244b8,49(70),15/04/2019,24/08/2022
cf44aff5b0c3148a8fd27f872910fbda,55(71),15/04/2019,24/08/2022
53aef96991498ce1e573a6028c745019,55(71),15/04/2019,24/08/2022
5dac2457d16a9f974bebe513e9ccdd1e,53(71),15/04/2019,24/08/2022
17f3ecd60811007275504afaa8c049b1,52(71),21/02/2019,24/08/2022
74f41e91dbfefc63133b159afff60cbb,48(69),15/04/2019,28/05/2022
fa452055f2172d6cfe6f33ef05bd67d9,56(71),22/02/2015,29/05/2022
cb990d98c1d519451e4a10a3cae8d8cc,48(69),15/04/2019,28/05/2022
47243df44afdc2143060684cd5bd7aef,55(69),15/04/2019,29/05/2022
6ae371fc796e09d52bc7e03d265b6098,51(66),15/04/2019,29/05/2022
1f9967293772abc48e2c71fc34f0b8f5,49(69),15/04/2019,29/05/2022
10a4f26c0543b4ffcf1554e52bb03eb4,48(69),15/04/2019,29/05/2022
e48bc09d96d864aeaca013dbfb5c46b5,50(66),15/04/2019,29/05/2022
ff613fa4fc6fa38e6dc00e139781262f,48(69),15/04/2019,29/05/2022
1289ce9ad76c1088fe2cada9abecde3b,49(69),15/04/2019,29/05/2022
5b8ed60d27f03574633777e2180e4f8b,50(69),15/04/2019,29/05/2022
4830d70255548232e5493e37fc0435f8,50(68),15/04/2019,29/05/2022
40e8578c3c975f4593217876f6ea7373,49(67),15/04/2019,29/05/2022
05a21f37ba0210334b699b4737a4d7ff,46(68),15/04/2019,29/05/2022
0bace9215f35331465347cc04851df9f,47(69),15/04/2019,29/05/2022
b91f0a9fcf26f30686e883af5a3cdf4a,46(68),15/04/2019,29/05/2022
0f8d29a09eae873adf5a95cfadcb9064,48(69),15/04/2019,29/05/2022
c93d52f66748fd4ef1bdb0e3bbb2cb9c,50(69),15/04/2019,29/05/2022
8b7ef6e9e21edeb2f0753690446bff72,48(69),15/04/2019,29/05/2022
6477aa68a9ceb01fb28b963b49c627fe,48(69),15/04/2019,29/05/2022
4b2318183e38aded4d0ef129be75267f,48(69),15/04/2019,29/05/2022
9e128c2fd267096026f405af33a32668,48(69),15/04/2019,29/05/2022
91a3f262cd8cf7a9c880bf1483d30ae8,53(70),15/04/2019,15/04/2022
f8ecf60d118434d67106c36cd685fc5f,31(69),19/06/1992,11/05/2022
6ffcbaa6216ba583797f109b10222021,46(66),15/04/2019,12/05/2022
28fde5d8cd54dff724441989783cb17f,48(69),15/04/2019,12/05/2022
80985260a69f94e602cdb80f70a3696e,49(69),15/04/2019,12/05/2022
e7075f3250bb2c1dcf826ebab3c37285,49(69),15/04/2019,12/05/2022
33523188ae255a3f9b94ddbbbe60f4ce,48(67),15/04/2019,12/05/2022
0757361cb0940d08653963807aaa496a,65(73),19/06/1992,16/02/2023
b5fb767adfda0c87e5e293829c2839a8,54(68),29/06/2016,03/12/2021
b36a2ce08db0b90d4c3713a6da049218,56(72),17/11/2020,17/11/2020
83c7b1d563c2a77a4a0aa3ec6d7c4a63,41(68),15/01/2022,23/01/2022
986b59b096d9c6b700647f73dd14f302,35(65),15/01/2022,24/01/2022
e3ef10b29195a45db2d477ab686da45d,54(71),15/04/2019,22/08/2022
7c2a1fda304ef624e908e00e131360d4,52(71),15/04/2019,22/08/2022
cd59f50b96cb9ebe29deb97319eb40e3,54(71),15/04/2019,22/08/2022
e5e7d59cb73ab8d03bdace8005d87e89,52(71),15/04/2019,22/08/2022
2390da5c186c5cb7f30c61d60930836e,52(71),15/04/2019,22/08/2022
563f2e02121b79b625dfb6679b9f3200,51(71),15/04/2019,22/08/2022
906e597f34b304cf52c12b8b09be971f,53(71),15/04/2019,23/08/2022
a7a7dfd329a971709db578f87643d59a,49(69),15/04/2019,23/08/2022
234df00936789e65b330bc9489d6e911,50(70),15/04/2019,23/08/2022
0460839c571ad6cacb8cedd2318f44c6,52(67),15/04/2019,23/08/2022
910679fc26105b45d02dc7a1826545db,52(71),15/04/2019,22/08/2022
7da3c282762e1fe211f3e9ce9b94a978,53(71),15/04/2019,22/08/2022
cbd776e334e37d4042c6a04e799b6a55,51(71),15/04/2019,22/08/2022
b6217b737543c28b68a65cc6968a3a72,51(70),15/04/2019,22/08/2022
fcfea95ba80014edf3b59ec12936f85d,52(71),15/04/2019,22/08/2022
3d5eaa4901fabdaa565fe283fd0025d6,51(71),15/04/2019,22/08/2022
3fe1e3b650291b9ad83d114a2ba50f8c,51(71),15/04/2019,22/08/2022
e9d312d4cdb6592a498edd4592a3877f,52(71),15/04/2019,22/08/2022
3a0a8a82c79f8463b49672f56ede5612,53(71),15/04/2019,03/11/2022
4133c4dd82883b57819d9f0f6fdea70c,49(70),15/04/2019,17/04/2022
9538debc01b7558681ec8a96372fa23e,49(69),15/04/2019,17/04/2022
3a9b2e3e5175060a9b902161792c985d,48(70),15/04/2019,17/04/2022
b1d409774c7302ce8e7e2ad9227dfb4c,50(70),15/04/2019,17/04/2022
2f17f432ff5957fee6d4c1b57761faa1,49(70),15/04/2019,17/04/2022
2ae1ad0a5c98309019fa47060e651151,48(69),15/04/2019,17/04/2022
6286762446e8e7d362a3ec5db68ce083,48(70),15/04/2019,17/04/2022
36dba1d269fd8d2926af945e7b52c5c4,51(70),15/04/2019,16/04/2022
343bc259d32cb5bd8f19123748e7b112,49(70),15/04/2019,16/04/2022
c415e2a3429ee2db331cc810d990d161,46(69),15/04/2019,16/04/2022
6114e9d5362fea9873e180f391bf9db5,51(70),15/04/2019,16/04/2022
1ce756b7121c34cccb23b21167c6b8a5,50(70),15/04/2019,16/04/2022
a375b2451a604285def092cfe3b30356,51(70),15/04/2019,16/04/2022
389fb7cd55c43723bca84fcf23e70255,48(67),15/04/2019,16/04/2022
58ae2b6998e47ced850abcf10b958709,51(70),15/04/2019,16/04/2022
a2804611181e01a66e9bed9122d60ced,49(69),15/04/2019,16/04/2022
146f693dfb5af0ff2aa9012fabdac67d,50(70),15/04/2019,16/04/2022
f41340ceada42a63da26ce05eaf7fae7,44(67),15/04/2019,16/04/2022
1cc6624603065b0f69096dfda58695a9,49(70),15/04/2019,16/04/2022
fb2ce16f76981d7a57b0010e87c77103,49(70),15/04/2019,16/04/2022
44d58c15a59888eb70159467bb330f54,48(70),15/04/2019,16/04/2022
97714e6a94ec6e725faf545d0ea3fc83,50(69),15/04/2019,16/04/2022
2118883df19fb2d1c122c40fbc313af6,51(70),15/04/2019,16/04/2022
9e6df6e4e9571ce8507ed3b7aac834c3,51(70),15/04/2019,16/04/2022
b0680912ba51b062fd021d24a8042302,49(70),15/04/2019,16/04/2022
fe66e7177338fbec45199533e6de1f85,51(70),15/04/2019,16/04/2022
722fedfb15fd3c49e0389e20ba12d1c3,51(70),15/04/2019,16/04/2022
05ef0c2b2703d23993971af5ef53f5ce,51(70),15/04/2019,16/04/2022
dc25a8a32e2f5327cad06d2ec579afe3,47(69),15/04/2019,16/04/2022
20dfd11eeb3d06eb0e0e31193c568a35,50(70),15/04/2019,16/04/2022
9d462c1c7b5f4be51f24a551bcdd6331,50(70),15/04/2019,16/04/2022
4de143581ccb8a2647f692da22cc052d,50(70),15/04/2019,16/04/2022
01d61311e5f55ee096429c3f8f94b96f,50(70),15/04/2019,16/04/2022
136e165c29804047f91e3b348dcefd29,51(70),15/04/2019,16/04/2022
768b1acfa0a803a8d052c708be9e6519,49(70),15/04/2019,15/04/2022
c1cc36ed342fb60e1240c1a7c5b363a3,50(70),15/04/2019,15/04/2022
ef3d16f7ba8330213b98299245938253,49(70),15/04/2019,15/04/2022
aa0bc7ed5c87286c1d591df9fe2a2974,50(70),15/04/2019,15/04/2022
4d43b70028e8c8e09853d67395ad5970,51(70),15/04/2019,15/04/2022
234127e1dfc10cffd1a902c653efbdb5,51(70),15/04/2019,15/04/2022
ac8d8af02300e741f4bd397ed7691fa5,0(59),N/A,17/04/2022
2f25e41623079073b04266eea2ec0a25,48(70),15/04/2019,15/04/2022
ab451021e7b75baa6048d457a2f8defa,49(70),15/04/2019,15/04/2022
6d8332e3c0270a5c99090cba5ea27414,62(73),24/07/2022,26/07/2022
a41c210b3bc349ad959f275bc4787212,52(71),30/11/2020,29/07/2022
f43531aeecf9a5a2e06d5cf697b12da2,55(72),01/08/2022,02/08/2022
c84ceb602f709131d156a9d169d6e5c0,49(71),15/04/2019,29/07/2022
e3147226e97323038db5521f9a95f203,50(71),15/04/2019,31/07/2022
